reserva_id,pasaporte_pasajero,numero_ticket,numero_asiento,clase,comida_y_maleta,nombre_pasajero,nacionalidad_pasajero,fecha_nacimiento_pasajero,numero_pasajeros
4263,V03976673,2096,21,Primera clase,FALSO,Mark Greene,Chilena,09-12-1998,1
1722,I07581924,4435,4,Economica,FALSO,Kelsey Powell,Francesa,10-07-1989,2
2621,F15206543,6305,8,Primera clase,FALSO,Kristen Harris,Chilena,25-11-1972,3
219,P34583903,8161,6,Ejecutiva,FALSO,Kelsey Huff,Estadounidense,08-08-1972,4
1037,H23592194,316,22,Economica,VERDADERO,Ethan Gilbert,Uruguaya,30-12-1975,5
1331,V03976673,3411,26,Primera clase,VERDADERO,Mark Greene,Chilena,09-12-1998,6
2704,C87025090,4516,17,Economica,VERDADERO,Diana Frank,Alemana,07-12-1979,7
3978,G15489494,3856,3,Economica,FALSO,Anthony Francis,Argentina,13-02-1988,8
616,J46610530,7951,4,Ejecutiva,VERDADERO,Andrew Torres,Alemana,01-12-1981,9
4160,U37349664,7946,25,Primera clase,VERDADERO,Diane Ritter,Venezolana,05-05-1996,10
820,J86333952,3309,18,Economica,FALSO,Leslie Howard,Venezolana,22-09-1971,11
4470,F15206543,4133,18,Economica,VERDADERO,Kristen Harris,Chilena,25-11-1972,12
2542,R17782317,7224,21,Ejecutiva,FALSO,Zachary Davenport,Venezolana,29-12-1971,13
4209,M25657749,157,19,Economica,VERDADERO,Casey Bennett,Estadounidense,12-03-1984,14
2855,T33834498,8599,11,Economica,FALSO,Alejandro Allen,Chilena,20-05-1992,15
372,J86333952,195,20,Economica,VERDADERO,Leslie Howard,Venezolana,22-09-1971,16
1642,D76513142,4873,6,Ejecutiva,FALSO,Victoria Brennan,Uruguaya,19-06-1977,17
1,E44895667,8518,6,Economica,FALSO,Angela Reynolds,Estadounidense,09-08-1982,18
1433,N49905893,7289,3,Ejecutiva,VERDADERO,Emma Scott,Chilena,29-07-1989,19
2739,K07643594,9598,30,Economica,FALSO,Suzanne Goodman,Chilena,16-11-1987,20
692,P11550487,8254,30,Ejecutiva,VERDADERO,Maria Perez,Francesa,11-08-1996,21
1269,J39937043,5809,10,Ejecutiva,VERDADERO,Danielle Johnson,Mexicana,18-12-1981,22
4772,N15841852,7700,20,Economica,FALSO,John Mcneil,Chilena,15-06-1981,23
3891,O01507856,1031,10,Economica,VERDADERO,James Hunter,Chilena,14-05-1995,24
1037,O41678476,127,19,Primera clase,VERDADERO,Andrew Malone,Argentina,24-06-1996,25
489,X49704522,385,18,Ejecutiva,VERDADERO,James Rojas,Chilena,29-05-1986,26
2542,L94336722,4984,17,Economica,FALSO,Julia Watkins,Uruguaya,25-08-1995,27
1991,F70729457,5775,5,Economica,VERDADERO,Justin Hudson,Chilena,12-02-1994,28
3775,J86333952,5178,25,Economica,FALSO,Leslie Howard,Venezolana,22-09-1971,29
4782,G04408945,6775,2,Primera clase,FALSO,Robert Butler,Argentina,02-02-1974,30
2844,O04335063,2170,6,Economica,FALSO,Jonathan Sims,Estadounidense,13-04-1974,31
4365,U68917595,9125,26,Economica,FALSO,Paul Brown,Francesa,24-08-1987,32
4222,G04408945,5170,31,Economica,VERDADERO,Robert Butler,Argentina,02-02-1974,33
2151,J46009647,3117,6,Ejecutiva,VERDADERO,Erica Ochoa,Italiana,11-03-1994,34
2220,G15489494,2381,14,Economica,FALSO,Anthony Francis,Argentina,13-02-1988,35
4247,N49905893,9932,14,Ejecutiva,FALSO,Emma Scott,Chilena,29-07-1989,36
2123,N07672370,1715,15,Primera clase,VERDADERO,Kevin Wilson,Uruguaya,11-09-1986,37
2288,Y23187711,8394,20,Primera clase,FALSO,Vicki Ward,Argentina,31-08-1981,38
629,Y05451726,719,8,Primera clase,FALSO,Kathleen Johnson,Chilena,24-02-1973,39
2262,N47846939,7979,20,Economica,VERDADERO,John Lee,Italiana,25-01-1996,40
2220,L87663260,8656,24,Ejecutiva,FALSO,Heather Bolton,Estadounidense,17-09-1982,41
4365,I71542181,7017,11,Ejecutiva,FALSO,Alfred Martin Jr.,Chilena,10-11-1989,42
3593,J86333952,550,7,Primera clase,FALSO,Leslie Howard,Venezolana,22-09-1971,43
3180,R10584802,5110,12,Economica,VERDADERO,John Luna,Chilena,04-11-1983,44
9,F70729457,2563,3,Ejecutiva,VERDADERO,Justin Hudson,Chilena,12-02-1994,45
3739,J47009281,2154,11,Ejecutiva,VERDADERO,Susan Stewart MD,Estadounidense,08-02-1997,46
4437,J46610530,6065,8,Ejecutiva,VERDADERO,Andrew Torres,Alemana,01-12-1981,47
3739,H44001820,4968,23,Economica,FALSO,Ann Robertson,Venezolana,27-04-1998,48
2855,D39176940,8734,7,Economica,FALSO,Patrick Choi,Chilena,26-06-1985,49
807,O41678476,542,22,Economica,VERDADERO,Andrew Malone,Argentina,24-06-1996,50
873,W06120402,6730,6,Economica,VERDADERO,Adam Clark,Estadounidense,10-06-1993,51
4222,H44001820,7235,5,Ejecutiva,FALSO,Ann Robertson,Venezolana,27-04-1998,52
3891,T72132858,3393,16,Primera clase,FALSO,Kathy Luna,Chilena,13-07-1990,53
1991,J86333952,2581,12,Economica,FALSO,Leslie Howard,Venezolana,22-09-1971,54
4669,Z09262256,9662,28,Ejecutiva,VERDADERO,Joseph Wilson,Uruguaya,28-07-1993,55
1037,T33834498,6391,12,Economica,VERDADERO,Alejandro Allen,Chilena,20-05-1992,56
2504,G04408945,815,22,Ejecutiva,FALSO,Robert Butler,Argentina,02-02-1974,57
2704,C63211080,5177,8,Economica,VERDADERO,Brian Mitchell,Chilena,04-05-1983,58
1422,N49905893,6731,15,Economica,VERDADERO,Emma Scott,Chilena,29-07-1989,59
3366,O01507856,2248,6,Primera clase,VERDADERO,James Hunter,Chilena,14-05-1995,60
4265,C87025090,3175,23,Economica,VERDADERO,Diana Frank,Alemana,07-12-1979,61
231,P11550487,936,6,Ejecutiva,FALSO,Maria Perez,Francesa,11-08-1996,62
2218,L97895867,6134,11,Ejecutiva,VERDADERO,Sarah Williams,Uruguaya,06-11-1992,63
2964,T59160871,9087,14,Economica,VERDADERO,Lucas Jones,Uruguaya,02-03-1992,64
3845,Y13424296,8358,27,Economica,VERDADERO,Katherine Perez,Mexicana,29-07-1978,65
1618,V79731274,4807,29,Ejecutiva,VERDADERO,Corey Elliott,Venezolana,04-10-1979,66
2910,O01507856,6732,23,Primera clase,VERDADERO,James Hunter,Chilena,14-05-1995,67
2540,Q62966391,2589,15,Primera clase,VERDADERO,Patricia Parker,Mexicana,07-08-1994,68
3231,O85238546,2945,14,Economica,VERDADERO,Sheri Mcdonald,Argentina,14-03-1984,69
2280,H23592194,704,23,Economica,VERDADERO,Ethan Gilbert,Uruguaya,30-12-1975,70
3588,T33834498,5215,31,Primera clase,FALSO,Alejandro Allen,Chilena,20-05-1992,71
4150,N24258653,2391,31,Economica,VERDADERO,Kayla Douglas,Uruguaya,28-04-1970,72
4660,V79731274,83,18,Primera clase,VERDADERO,Corey Elliott,Venezolana,04-10-1979,73
3536,J34719947,2341,11,Primera clase,FALSO,Heather Scott,Estadounidense,02-05-1973,74
2875,F70729457,8601,5,Ejecutiva,FALSO,Justin Hudson,Chilena,12-02-1994,75
1726,J46610530,5888,22,Ejecutiva,FALSO,Andrew Torres,Alemana,01-12-1981,76
2540,D84069297,6633,19,Economica,FALSO,Brittany Jones,Uruguaya,30-04-1978,77
2288,X66304032,7403,28,Primera clase,VERDADERO,Victoria Odom,Francesa,04-12-1986,78
92,N68461604,472,25,Economica,FALSO,Gary Vasquez,Chilena,21-11-1984,79
4236,C63211080,1361,11,Economica,VERDADERO,Brian Mitchell,Chilena,04-05-1983,80
2226,L94336722,2243,10,Primera clase,FALSO,Julia Watkins,Uruguaya,25-08-1995,81
1286,M25657749,2274,21,Primera clase,VERDADERO,Casey Bennett,Estadounidense,12-03-1984,82
2556,F89276118,606,24,Primera clase,VERDADERO,Todd Wilkins,Italiana,30-01-1991,83
736,D64763364,9531,3,Economica,VERDADERO,James Johnson,Chilena,09-06-1994,84
2910,V79731274,3810,28,Primera clase,FALSO,Corey Elliott,Venezolana,04-10-1979,85
1016,F09235820,4726,28,Economica,VERDADERO,Katrina Frye,Chilena,11-10-1995,86
4396,C63211080,8163,11,Primera clase,FALSO,Brian Mitchell,Chilena,04-05-1983,87
2029,H44001820,4684,3,Economica,VERDADERO,Ann Robertson,Venezolana,27-04-1998,88
2288,R56995721,6965,22,Primera clase,VERDADERO,David Keller,Venezolana,24-07-1975,89
1480,Q76465555,1895,26,Primera clase,VERDADERO,Isaiah Wood,Francesa,05-11-1980,90
3396,D46250570,3329,5,Primera clase,VERDADERO,Michael Mcdaniel,Venezolana,04-11-1994,91
4396,Z51226931,7333,20,Primera clase,VERDADERO,Matthew Simmons,Chilena,18-05-1978,92
628,T72132858,8037,5,Ejecutiva,VERDADERO,Kathy Luna,Chilena,13-07-1990,93
182,J39937043,7840,14,Primera clase,VERDADERO,Danielle Johnson,Mexicana,18-12-1981,94
4523,Q62966391,2226,2,Economica,FALSO,Patricia Parker,Mexicana,07-08-1994,95
538,I19062847,4287,23,Economica,VERDADERO,Christopher Garcia,Chilena,06-12-1986,96
736,D84069297,7666,9,Ejecutiva,FALSO,Brittany Jones,Uruguaya,30-04-1978,97
2633,I19062847,6555,21,Economica,FALSO,Christopher Garcia,Chilena,06-12-1986,98
3974,H23592194,3138,21,Primera clase,FALSO,Ethan Gilbert,Uruguaya,30-12-1975,99
2542,I19062847,9885,7,Primera clase,VERDADERO,Christopher Garcia,Chilena,06-12-1986,100
3679,J46009647,114,29,Economica,VERDADERO,Erica Ochoa,Italiana,11-03-1994,101
2276,L97895867,5345,27,Economica,VERDADERO,Sarah Williams,Uruguaya,06-11-1992,102
4902,O41678476,4198,28,Economica,FALSO,Andrew Malone,Argentina,24-06-1996,103
3712,D99418548,9995,27,Primera clase,VERDADERO,Alexis Smith,Argentina,21-03-1997,104
219,L56496275,246,7,Economica,FALSO,Cheryl Bolton,Uruguaya,16-12-1972,105
3668,I19062847,3235,29,Primera clase,VERDADERO,Christopher Garcia,Chilena,06-12-1986,106
2578,P34583903,670,7,Primera clase,VERDADERO,Kelsey Huff,Estadounidense,08-08-1972,107
4265,Q62966391,2928,26,Economica,FALSO,Patricia Parker,Mexicana,07-08-1994,108
1082,V79731274,3083,28,Ejecutiva,FALSO,Corey Elliott,Venezolana,04-10-1979,109
3832,U37349664,8398,12,Primera clase,VERDADERO,Diane Ritter,Venezolana,05-05-1996,110
2964,J39937043,4463,9,Ejecutiva,VERDADERO,Danielle Johnson,Mexicana,18-12-1981,111
1970,X66304032,2906,16,Primera clase,VERDADERO,Victoria Odom,Francesa,04-12-1986,112
820,J34719947,7155,21,Economica,FALSO,Heather Scott,Estadounidense,02-05-1973,113
3421,D84069297,4274,13,Primera clase,FALSO,Brittany Jones,Uruguaya,30-04-1978,114
3294,D76513142,4478,2,Primera clase,FALSO,Victoria Brennan,Uruguaya,19-06-1977,115
531,T18212951,5536,19,Ejecutiva,FALSO,Joel Compton,Argentina,03-03-1991,116
2844,N47846939,9747,17,Ejecutiva,FALSO,John Lee,Italiana,25-01-1996,117
405,D39176940,7880,14,Ejecutiva,VERDADERO,Patrick Choi,Chilena,26-06-1985,118
4247,H44001820,2626,15,Ejecutiva,VERDADERO,Ann Robertson,Venezolana,27-04-1998,119
1007,L94336722,7804,8,Economica,VERDADERO,Julia Watkins,Uruguaya,25-08-1995,120
444,X66304032,4471,25,Primera clase,FALSO,Victoria Odom,Francesa,04-12-1986,121
2048,E44895667,436,2,Economica,VERDADERO,Angela Reynolds,Estadounidense,09-08-1982,122
159,N55362278,4327,25,Economica,VERDADERO,Laura Marshall,Chilena,19-05-1991,123
905,L94336722,5864,26,Ejecutiva,VERDADERO,Julia Watkins,Uruguaya,25-08-1995,124
834,J46610530,8172,9,Economica,FALSO,Andrew Torres,Alemana,01-12-1981,125
736,C87025090,8314,26,Ejecutiva,VERDADERO,Diana Frank,Alemana,07-12-1979,126
2988,N07672370,9508,17,Ejecutiva,FALSO,Kevin Wilson,Uruguaya,11-09-1986,127
3772,X84322989,2220,19,Economica,VERDADERO,Mr. Russell Abbott,Chilena,16-11-1984,128
1037,X66304032,384,18,Primera clase,VERDADERO,Victoria Odom,Francesa,04-12-1986,129
842,D76513142,7042,8,Ejecutiva,VERDADERO,Victoria Brennan,Uruguaya,19-06-1977,130
1515,C59429415,5471,8,Ejecutiva,FALSO,Brian Garcia,Chilena,20-04-1992,131
2577,N24258653,5029,5,Economica,FALSO,Kayla Douglas,Uruguaya,28-04-1970,132
4064,S05106445,5275,14,Economica,FALSO,Gregory Andrade,Mexicana,20-12-1984,133
3394,N24258653,8630,13,Ejecutiva,FALSO,Kayla Douglas,Uruguaya,28-04-1970,134
3376,T33834498,9855,19,Primera clase,FALSO,Alejandro Allen,Chilena,20-05-1992,135
538,I71394677,46,21,Economica,VERDADERO,Jessica Macias,Chilena,12-04-1986,136
4604,Z09262256,8056,24,Economica,FALSO,Joseph Wilson,Uruguaya,28-07-1993,137
4396,R10584802,224,32,Ejecutiva,VERDADERO,John Luna,Chilena,04-11-1983,138
2621,T18212951,2153,17,Ejecutiva,VERDADERO,Joel Compton,Argentina,03-03-1991,139
2543,N49905893,3002,22,Economica,VERDADERO,Emma Scott,Chilena,29-07-1989,140
736,Y23187711,840,28,Economica,FALSO,Vicki Ward,Argentina,31-08-1981,141
3339,N47846939,1959,26,Economica,FALSO,John Lee,Italiana,25-01-1996,142
159,C59429415,265,19,Ejecutiva,FALSO,Brian Garcia,Chilena,20-04-1992,143
3845,I71394677,4062,22,Economica,VERDADERO,Jessica Macias,Chilena,12-04-1986,144
3972,X66304032,4381,23,Economica,VERDADERO,Victoria Odom,Francesa,04-12-1986,145
435,O85238546,65,25,Economica,FALSO,Sheri Mcdonald,Argentina,14-03-1984,146
4697,I63697476,4213,8,Economica,VERDADERO,Emily Sullivan,Venezolana,25-07-1991,147
4158,P11550487,5661,16,Economica,FALSO,Maria Perez,Francesa,11-08-1996,148
4772,V03976673,8076,18,Economica,FALSO,Mark Greene,Chilena,09-12-1998,149
4831,F23633774,8783,4,Economica,VERDADERO,Amanda Ruiz,Francesa,09-07-1977,150
2556,T59160871,8835,11,Economica,VERDADERO,Lucas Jones,Uruguaya,02-03-1992,151
4979,X66304032,8180,25,Ejecutiva,FALSO,Victoria Odom,Francesa,04-12-1986,152
1687,N47846939,9189,26,Primera clase,FALSO,John Lee,Italiana,25-01-1996,153
2542,Q76465555,1146,20,Economica,FALSO,Isaiah Wood,Francesa,05-11-1980,154
2515,P84627985,6214,1,Primera clase,VERDADERO,Meghan Davis,Chilena,15-11-1970,155
3463,V79731274,2142,21,Primera clase,FALSO,Corey Elliott,Venezolana,04-10-1979,156
1196,X49704522,7102,10,Primera clase,VERDADERO,James Rojas,Chilena,29-05-1986,157
2577,P84627985,4105,7,Economica,FALSO,Meghan Davis,Chilena,15-11-1970,158
3405,G69357980,8459,5,Primera clase,FALSO,Jerry Park,Argentina,28-06-1980,159
2504,Y13424296,4856,7,Economica,FALSO,Katherine Perez,Mexicana,29-07-1978,160
2465,M25657749,4966,2,Economica,VERDADERO,Casey Bennett,Estadounidense,12-03-1984,161
2578,Y88079794,2097,8,Economica,VERDADERO,Gregory Bradley,Chilena,18-04-1986,162
3394,Z87364523,181,25,Ejecutiva,FALSO,Samantha Martin,Alemana,26-03-1981,163
4160,W06120402,2636,7,Ejecutiva,VERDADERO,Adam Clark,Estadounidense,10-06-1993,164
2515,Z09262256,8266,12,Ejecutiva,FALSO,Joseph Wilson,Uruguaya,28-07-1993,165
1051,Z87364523,4275,24,Ejecutiva,VERDADERO,Samantha Martin,Alemana,26-03-1981,166
4241,V79731274,6330,23,Ejecutiva,FALSO,Corey Elliott,Venezolana,04-10-1979,167
4727,X66304032,420,10,Economica,FALSO,Victoria Odom,Francesa,04-12-1986,168
4186,M25657749,8535,22,Economica,FALSO,Casey Bennett,Estadounidense,12-03-1984,169
1749,I63697476,9823,14,Economica,FALSO,Emily Sullivan,Venezolana,25-07-1991,170
736,J46009647,6672,30,Ejecutiva,FALSO,Erica Ochoa,Italiana,11-03-1994,171
894,H44001820,681,8,Ejecutiva,VERDADERO,Ann Robertson,Venezolana,27-04-1998,172
1995,M25657749,8911,6,Economica,FALSO,Casey Bennett,Estadounidense,12-03-1984,173
3294,N07672370,5384,20,Primera clase,VERDADERO,Kevin Wilson,Uruguaya,11-09-1986,174
2500,N15841852,7720,15,Economica,FALSO,John Mcneil,Chilena,15-06-1981,175
1687,N55362278,5779,25,Economica,FALSO,Laura Marshall,Chilena,19-05-1991,176
4782,J34719947,4052,14,Ejecutiva,FALSO,Heather Scott,Estadounidense,02-05-1973,177
3825,Y38354449,7198,18,Economica,VERDADERO,Nicole Petty,Estadounidense,07-02-1988,178
4669,R17782317,3813,19,Economica,FALSO,Zachary Davenport,Venezolana,29-12-1971,179
797,D76513142,3026,29,Economica,FALSO,Victoria Brennan,Uruguaya,19-06-1977,180
1080,Y05451726,1500,26,Economica,FALSO,Kathleen Johnson,Chilena,24-02-1973,181
4160,Q62966391,2008,19,Ejecutiva,FALSO,Patricia Parker,Mexicana,07-08-1994,182
2339,D64763364,7043,16,Primera clase,FALSO,James Johnson,Chilena,09-06-1994,183
3845,G15489494,99,3,Ejecutiva,FALSO,Anthony Francis,Argentina,13-02-1988,184
905,D46250570,256,2,Ejecutiva,FALSO,Michael Mcdaniel,Venezolana,04-11-1994,185
2301,G15489494,380,23,Economica,VERDADERO,Anthony Francis,Argentina,13-02-1988,186
1623,O01507856,190,31,Economica,VERDADERO,James Hunter,Chilena,14-05-1995,187
3168,P34583903,694,18,Economica,FALSO,Kelsey Huff,Estadounidense,08-08-1972,188
414,J86333952,9054,8,Primera clase,VERDADERO,Leslie Howard,Venezolana,22-09-1971,189
4033,J34719947,4769,22,Primera clase,FALSO,Heather Scott,Estadounidense,02-05-1973,190
1699,J76795477,8667,17,Economica,VERDADERO,Mikayla White,Argentina,30-09-1984,191
231,G15489494,7411,5,Economica,VERDADERO,Anthony Francis,Argentina,13-02-1988,192
3752,K07643594,7007,1,Ejecutiva,VERDADERO,Suzanne Goodman,Chilena,16-11-1987,193
2704,T18212951,4696,24,Economica,VERDADERO,Joel Compton,Argentina,03-03-1991,194
4437,F15206543,7299,4,Economica,FALSO,Kristen Harris,Chilena,25-11-1972,195
4123,J39937043,9562,19,Economica,FALSO,Danielle Johnson,Mexicana,18-12-1981,196
2029,J34719947,9559,15,Economica,FALSO,Heather Scott,Estadounidense,02-05-1973,197
3891,I71542181,1591,9,Primera clase,VERDADERO,Alfred Martin Jr.,Chilena,10-11-1989,198
2936,Y38354449,569,22,Economica,VERDADERO,Nicole Petty,Estadounidense,07-02-1988,199
1749,I71542181,9081,29,Ejecutiva,VERDADERO,Alfred Martin Jr.,Chilena,10-11-1989,200
4268,P84627985,6552,17,Economica,FALSO,Meghan Davis,Chilena,15-11-1970,201
736,J39937043,4997,2,Economica,VERDADERO,Danielle Johnson,Mexicana,18-12-1981,202
2936,F09235820,3901,21,Economica,FALSO,Katrina Frye,Chilena,11-10-1995,203
905,N49905893,1910,4,Primera clase,FALSO,Emma Scott,Chilena,29-07-1989,204
3999,H23592194,3904,13,Economica,VERDADERO,Ethan Gilbert,Uruguaya,30-12-1975,205
414,Y33413387,2613,10,Economica,FALSO,Kimberly Hansen,Argentina,02-07-1989,206
3298,C59429415,7618,12,Economica,FALSO,Brian Garcia,Chilena,20-04-1992,207
3409,X84322989,4056,3,Economica,VERDADERO,Mr. Russell Abbott,Chilena,16-11-1984,208
1433,D84069297,622,5,Economica,VERDADERO,Brittany Jones,Uruguaya,30-04-1978,209
4604,C87025090,4303,5,Economica,FALSO,Diana Frank,Alemana,07-12-1979,210
1515,C63211080,6582,7,Economica,FALSO,Brian Mitchell,Chilena,04-05-1983,211
2262,C59429415,5763,30,Economica,FALSO,Brian Garcia,Chilena,20-04-1992,212
2543,I71542181,7745,8,Ejecutiva,VERDADERO,Alfred Martin Jr.,Chilena,10-11-1989,213
3978,L56496275,5169,28,Ejecutiva,FALSO,Cheryl Bolton,Uruguaya,16-12-1972,214
2054,J39937043,5287,21,Ejecutiva,FALSO,Danielle Johnson,Mexicana,18-12-1981,215
4490,D64763364,6554,20,Ejecutiva,FALSO,James Johnson,Chilena,09-06-1994,216
3405,O01507856,8512,24,Primera clase,FALSO,James Hunter,Chilena,14-05-1995,217
4763,F09235820,1836,1,Primera clase,VERDADERO,Katrina Frye,Chilena,11-10-1995,218
2578,U37349664,6024,12,Economica,VERDADERO,Diane Ritter,Venezolana,05-05-1996,219
1269,X49704522,8748,12,Economica,FALSO,James Rojas,Chilena,29-05-1986,220
531,O04335063,7091,2,Ejecutiva,FALSO,Jonathan Sims,Estadounidense,13-04-1974,221
3333,F23633774,5854,12,Primera clase,FALSO,Amanda Ruiz,Francesa,09-07-1977,222
3825,J33947155,1600,25,Primera clase,VERDADERO,Amanda Mccarthy,Venezolana,25-08-1995,223
1331,L94336722,1388,16,Economica,VERDADERO,Julia Watkins,Uruguaya,25-08-1995,224
1970,Z87364523,659,13,Primera clase,VERDADERO,Samantha Martin,Alemana,26-03-1981,225
231,L94336722,7659,15,Primera clase,VERDADERO,Julia Watkins,Uruguaya,25-08-1995,226
4150,N15841852,965,16,Economica,VERDADERO,John Mcneil,Chilena,15-06-1981,227
2276,Y38354449,2284,30,Economica,VERDADERO,Nicole Petty,Estadounidense,07-02-1988,228
2875,G15489494,8840,22,Economica,VERDADERO,Anthony Francis,Argentina,13-02-1988,229
2218,H44001820,4672,16,Economica,FALSO,Ann Robertson,Venezolana,27-04-1998,230
2262,R17782317,3500,31,Economica,FALSO,Zachary Davenport,Venezolana,29-12-1971,231
4268,F69466449,5857,18,Ejecutiva,VERDADERO,Jennifer Eaton,Chilena,29-08-1995,232
3568,I71394677,8980,14,Primera clase,FALSO,Jessica Macias,Chilena,12-04-1986,233
2262,M25657749,8903,14,Economica,VERDADERO,Casey Bennett,Estadounidense,12-03-1984,234
3366,D46250570,9752,31,Ejecutiva,VERDADERO,Michael Mcdaniel,Venezolana,04-11-1994,235
174,P11550487,9451,21,Ejecutiva,FALSO,Maria Perez,Francesa,11-08-1996,236
1090,N55362278,972,21,Ejecutiva,FALSO,Laura Marshall,Chilena,19-05-1991,237
2556,A17367163,3521,12,Economica,VERDADERO,Jane Berger,Italiana,29-05-1987,238
3564,R10584802,529,29,Primera clase,VERDADERO,John Luna,Chilena,04-11-1983,239
4669,I63697476,7355,7,Ejecutiva,FALSO,Emily Sullivan,Venezolana,25-07-1991,240
3037,D39176940,3142,21,Primera clase,FALSO,Patrick Choi,Chilena,26-06-1985,241
4473,T18212951,565,23,Primera clase,FALSO,Joel Compton,Argentina,03-03-1991,242
1699,I19062847,1598,29,Economica,FALSO,Christopher Garcia,Chilena,06-12-1986,243
905,X49704522,35,22,Economica,FALSO,James Rojas,Chilena,29-05-1986,244
1623,V79731274,9677,10,Primera clase,FALSO,Corey Elliott,Venezolana,04-10-1979,245
102,O01507856,4469,17,Economica,VERDADERO,James Hunter,Chilena,14-05-1995,246
3231,A40223024,8327,23,Economica,VERDADERO,Janice Smith,Argentina,25-03-1993,247
4464,R56995721,2529,1,Economica,FALSO,David Keller,Venezolana,24-07-1975,248
2048,D76513142,4492,4,Ejecutiva,FALSO,Victoria Brennan,Uruguaya,19-06-1977,249
1082,O04335063,1152,20,Primera clase,VERDADERO,Jonathan Sims,Estadounidense,13-04-1974,250
2133,F23633774,5164,10,Ejecutiva,FALSO,Amanda Ruiz,Francesa,09-07-1977,251
3887,V03976673,2752,25,Economica,VERDADERO,Mark Greene,Chilena,09-12-1998,252
3951,U68917595,4135,15,Primera clase,FALSO,Paul Brown,Francesa,24-08-1987,253
2151,H23592194,4016,17,Ejecutiva,VERDADERO,Ethan Gilbert,Uruguaya,30-12-1975,254
843,E44895667,5094,19,Primera clase,VERDADERO,Angela Reynolds,Estadounidense,09-08-1982,255
102,R56995721,5870,2,Economica,VERDADERO,David Keller,Venezolana,24-07-1975,256
4265,D84069297,3524,12,Ejecutiva,FALSO,Brittany Jones,Uruguaya,30-04-1978,257
3817,D99418548,645,23,Primera clase,VERDADERO,Alexis Smith,Argentina,21-03-1997,258
1195,I07581924,7768,22,Economica,VERDADERO,Kelsey Powell,Francesa,10-07-1989,259
736,N07672370,3429,16,Economica,FALSO,Kevin Wilson,Uruguaya,11-09-1986,260
3536,G04408945,9347,31,Economica,VERDADERO,Robert Butler,Argentina,02-02-1974,261
3450,L97895867,4253,14,Primera clase,FALSO,Sarah Williams,Uruguaya,06-11-1992,262
3819,X84322989,8320,19,Economica,FALSO,Mr. Russell Abbott,Chilena,16-11-1984,263
3080,F15206543,2397,4,Ejecutiva,FALSO,Kristen Harris,Chilena,25-11-1972,264
3728,J33947155,3863,31,Economica,FALSO,Amanda Mccarthy,Venezolana,25-08-1995,265
3298,Y13424296,2550,30,Primera clase,VERDADERO,Katherine Perez,Mexicana,29-07-1978,266
4188,V79731274,4567,18,Ejecutiva,FALSO,Corey Elliott,Venezolana,04-10-1979,267
2515,X91486662,2957,27,Ejecutiva,VERDADERO,Heather Smith,Chilena,13-11-1976,268
1195,T59160871,4922,13,Ejecutiva,VERDADERO,Lucas Jones,Uruguaya,02-03-1992,269
736,I63697476,5200,17,Economica,VERDADERO,Emily Sullivan,Venezolana,25-07-1991,270
1618,P84627985,1291,20,Economica,FALSO,Meghan Davis,Chilena,15-11-1970,271
221,A17367163,4011,15,Ejecutiva,VERDADERO,Jane Berger,Italiana,29-05-1987,272
1722,N07672370,5956,14,Ejecutiva,VERDADERO,Kevin Wilson,Uruguaya,11-09-1986,273
4268,C59429415,7160,19,Economica,VERDADERO,Brian Garcia,Chilena,20-04-1992,274
3366,D76513142,9078,3,Ejecutiva,FALSO,Victoria Brennan,Uruguaya,19-06-1977,275
3037,J47009281,198,14,Primera clase,FALSO,Susan Stewart MD,Estadounidense,08-02-1997,276
4634,T72132858,9658,28,Ejecutiva,FALSO,Kathy Luna,Chilena,13-07-1990,277
174,O41678476,4219,23,Economica,VERDADERO,Andrew Malone,Argentina,24-06-1996,278
1733,S03830222,2237,11,Primera clase,FALSO,Amanda Andrade,Italiana,06-11-1993,279
4831,J47009281,2014,32,Ejecutiva,VERDADERO,Susan Stewart MD,Estadounidense,08-02-1997,280
4922,Y33413387,1358,21,Economica,VERDADERO,Kimberly Hansen,Argentina,02-07-1989,281
2271,P84627985,7900,11,Primera clase,VERDADERO,Meghan Davis,Chilena,15-11-1970,282
3147,J39937043,1798,19,Economica,VERDADERO,Danielle Johnson,Mexicana,18-12-1981,283
3712,N49905893,34,20,Economica,FALSO,Emma Scott,Chilena,29-07-1989,284
2262,A17367163,1834,13,Economica,FALSO,Jane Berger,Italiana,29-05-1987,285
1,V03976673,8241,7,Primera clase,FALSO,Mark Greene,Chilena,09-12-1998,286
1090,S05106445,8012,6,Primera clase,FALSO,Gregory Andrade,Mexicana,20-12-1984,287
2616,I71542181,4061,23,Primera clase,FALSO,Alfred Martin Jr.,Chilena,10-11-1989,288
3588,D46250570,7436,9,Economica,VERDADERO,Michael Mcdaniel,Venezolana,04-11-1994,289
219,T33834498,213,12,Primera clase,FALSO,Alejandro Allen,Chilena,20-05-1992,290
4926,I19062847,5311,19,Ejecutiva,FALSO,Christopher Garcia,Chilena,06-12-1986,291
4831,B30315997,5977,12,Primera clase,VERDADERO,Tina Shaw,Estadounidense,26-10-1996,292
4831,R56995721,8483,18,Primera clase,FALSO,David Keller,Venezolana,24-07-1975,293
4177,X49704522,6192,3,Economica,VERDADERO,James Rojas,Chilena,29-05-1986,294
4222,O41678476,9663,25,Economica,VERDADERO,Andrew Malone,Argentina,24-06-1996,295
1927,J34719947,2427,11,Economica,VERDADERO,Heather Scott,Estadounidense,02-05-1973,296
3080,D99418548,6168,12,Primera clase,VERDADERO,Alexis Smith,Argentina,21-03-1997,297
2193,Y23187711,5705,8,Ejecutiva,FALSO,Vicki Ward,Argentina,31-08-1981,298
3287,K07643594,977,12,Primera clase,FALSO,Suzanne Goodman,Chilena,16-11-1987,299
1251,S03830222,4719,3,Economica,FALSO,Amanda Andrade,Italiana,06-11-1993,300
219,J76795477,6873,21,Primera clase,VERDADERO,Mikayla White,Argentina,30-09-1984,301
4160,L94336722,3507,20,Primera clase,VERDADERO,Julia Watkins,Uruguaya,25-08-1995,302
807,V39868007,3196,28,Primera clase,VERDADERO,Cassandra Kirby,Chilena,02-04-1997,303
842,O04335063,3430,4,Economica,VERDADERO,Jonathan Sims,Estadounidense,13-04-1974,304
1288,G15489494,1701,3,Ejecutiva,VERDADERO,Anthony Francis,Argentina,13-02-1988,305
2151,Z09262256,7842,16,Ejecutiva,FALSO,Joseph Wilson,Uruguaya,28-07-1993,306
2465,G69357980,9726,9,Economica,VERDADERO,Jerry Park,Argentina,28-06-1980,307
4646,Y33413387,1876,32,Economica,FALSO,Kimberly Hansen,Argentina,02-07-1989,308
444,J46610530,1369,29,Economica,VERDADERO,Andrew Torres,Alemana,01-12-1981,309
3817,C63211080,33,25,Primera clase,FALSO,Brian Mitchell,Chilena,04-05-1983,310
4241,J33947155,4257,4,Economica,FALSO,Amanda Mccarthy,Venezolana,25-08-1995,311
4782,N15841852,9988,31,Economica,FALSO,John Mcneil,Chilena,15-06-1981,312
4396,W06120402,8613,27,Primera clase,VERDADERO,Adam Clark,Estadounidense,10-06-1993,313
4437,Y88079794,2955,3,Ejecutiva,VERDADERO,Gregory Bradley,Chilena,18-04-1986,314
3180,H23592194,753,13,Ejecutiva,FALSO,Ethan Gilbert,Uruguaya,30-12-1975,315
3679,F23633774,2661,13,Ejecutiva,VERDADERO,Amanda Ruiz,Francesa,09-07-1977,316
1113,E44895667,4246,29,Economica,FALSO,Angela Reynolds,Estadounidense,09-08-1982,317
4771,F70729457,6623,16,Economica,FALSO,Justin Hudson,Chilena,12-02-1994,318
3421,B30315997,540,16,Primera clase,FALSO,Tina Shaw,Estadounidense,26-10-1996,319
2280,U37349664,2691,7,Economica,VERDADERO,Diane Ritter,Venezolana,05-05-1996,320
1433,Z87364523,2921,21,Economica,FALSO,Samantha Martin,Alemana,26-03-1981,321
2616,R10584802,6924,24,Ejecutiva,VERDADERO,John Luna,Chilena,04-11-1983,322
372,L87663260,7782,12,Ejecutiva,VERDADERO,Heather Bolton,Estadounidense,17-09-1982,323
616,Y13424296,4865,3,Economica,FALSO,Katherine Perez,Mexicana,29-07-1978,324
1269,D99418548,1856,5,Primera clase,FALSO,Alexis Smith,Argentina,21-03-1997,325
1436,T33834498,1540,11,Ejecutiva,VERDADERO,Alejandro Allen,Chilena,20-05-1992,326
435,O04335063,251,30,Primera clase,VERDADERO,Jonathan Sims,Estadounidense,13-04-1974,327
3679,J76795477,8449,23,Economica,VERDADERO,Mikayla White,Argentina,30-09-1984,328
1927,N24258653,2779,30,Economica,FALSO,Kayla Douglas,Uruguaya,28-04-1970,329
3147,X84322989,3910,9,Primera clase,FALSO,Mr. Russell Abbott,Chilena,16-11-1984,330
4470,I19062847,3824,11,Ejecutiva,FALSO,Christopher Garcia,Chilena,06-12-1986,331
25,J46009647,2415,11,Economica,FALSO,Erica Ochoa,Italiana,11-03-1994,332
1269,N07672370,4386,3,Primera clase,VERDADERO,Kevin Wilson,Uruguaya,11-09-1986,333
4241,C59429415,2496,17,Primera clase,FALSO,Brian Garcia,Chilena,20-04-1992,334
945,N55362278,1610,12,Primera clase,FALSO,Laura Marshall,Chilena,19-05-1991,335
623,N07672370,839,23,Economica,VERDADERO,Kevin Wilson,Uruguaya,11-09-1986,336
4660,T59160871,5481,17,Primera clase,FALSO,Lucas Jones,Uruguaya,02-03-1992,337
1269,D64763364,2136,29,Economica,FALSO,James Johnson,Chilena,09-06-1994,338
873,J46009647,8745,11,Economica,FALSO,Erica Ochoa,Italiana,11-03-1994,339
4464,K07643594,66,18,Primera clase,FALSO,Suzanne Goodman,Chilena,16-11-1987,340
1195,J76795477,2139,18,Economica,FALSO,Mikayla White,Argentina,30-09-1984,341
2414,A17367163,4331,14,Primera clase,FALSO,Jane Berger,Italiana,29-05-1987,342
2875,Y38354449,5869,18,Primera clase,VERDADERO,Nicole Petty,Estadounidense,07-02-1988,343
2123,J34719947,9596,23,Economica,VERDADERO,Heather Scott,Estadounidense,02-05-1973,344
1,D76513142,8653,13,Economica,VERDADERO,Victoria Brennan,Uruguaya,19-06-1977,345
21,O85238546,1237,22,Economica,VERDADERO,Sheri Mcdonald,Argentina,14-03-1984,346
1269,L97895867,4695,17,Economica,FALSO,Sarah Williams,Uruguaya,06-11-1992,347
3999,D39176940,899,10,Economica,VERDADERO,Patrick Choi,Chilena,26-06-1985,348
174,D84069297,7101,9,Economica,VERDADERO,Brittany Jones,Uruguaya,30-04-1978,349
1090,X91486662,7257,30,Economica,FALSO,Heather Smith,Chilena,13-11-1976,350
3564,F23633774,9144,21,Primera clase,VERDADERO,Amanda Ruiz,Francesa,09-07-1977,351
1907,X66304032,1143,15,Primera clase,VERDADERO,Victoria Odom,Francesa,04-12-1986,352
3568,S05106445,20,6,Primera clase,VERDADERO,Gregory Andrade,Mexicana,20-12-1984,353
4981,O85238546,5051,2,Economica,FALSO,Sheri Mcdonald,Argentina,14-03-1984,354
2440,D46250570,4488,13,Ejecutiva,FALSO,Michael Mcdaniel,Venezolana,04-11-1994,355
4726,G96421276,4194,16,Economica,VERDADERO,Alexander Martin,Estadounidense,24-04-1980,356
1269,V03976673,9533,8,Economica,VERDADERO,Mark Greene,Chilena,09-12-1998,357
4137,G15489494,7865,14,Economica,FALSO,Anthony Francis,Argentina,13-02-1988,358
9,P84627985,1247,18,Economica,FALSO,Meghan Davis,Chilena,15-11-1970,359
2262,W06120402,6687,21,Economica,FALSO,Adam Clark,Estadounidense,10-06-1993,360
2964,Y88079794,2920,3,Economica,FALSO,Gregory Bradley,Chilena,18-04-1986,361
820,L87663260,1803,4,Primera clase,FALSO,Heather Bolton,Estadounidense,17-09-1982,362
4123,Y38354449,9323,11,Primera clase,FALSO,Nicole Petty,Estadounidense,07-02-1988,363
4726,J86333952,5420,28,Economica,FALSO,Leslie Howard,Venezolana,22-09-1971,364
489,J39937043,739,19,Economica,VERDADERO,Danielle Johnson,Mexicana,18-12-1981,365
4763,D39176940,1539,20,Ejecutiva,VERDADERO,Patrick Choi,Chilena,26-06-1985,366
3836,F15206543,4307,12,Economica,FALSO,Kristen Harris,Chilena,25-11-1972,367
3168,I71394677,8101,8,Economica,VERDADERO,Jessica Macias,Chilena,12-04-1986,368
4404,F15206543,6603,27,Primera clase,FALSO,Kristen Harris,Chilena,25-11-1972,369
1699,D99418548,146,25,Economica,FALSO,Alexis Smith,Argentina,21-03-1997,370
4660,X91486662,5238,11,Primera clase,VERDADERO,Heather Smith,Chilena,13-11-1976,371
231,N68461604,7278,26,Ejecutiva,FALSO,Gary Vasquez,Chilena,21-11-1984,372
4427,E44895667,3668,18,Primera clase,VERDADERO,Angela Reynolds,Estadounidense,09-08-1982,373
4926,A17367163,119,16,Economica,FALSO,Jane Berger,Italiana,29-05-1987,374
3825,W23173820,637,5,Ejecutiva,VERDADERO,Gabrielle Alvarez,Argentina,04-11-1992,375
222,J46009647,3771,6,Economica,VERDADERO,Erica Ochoa,Italiana,11-03-1994,376
1515,I78807927,2919,24,Primera clase,FALSO,Robert Kelly,Chilena,26-02-1975,377
736,Q76465555,9912,6,Ejecutiva,FALSO,Isaiah Wood,Francesa,05-11-1980,378
797,O85238546,4691,3,Primera clase,FALSO,Sheri Mcdonald,Argentina,14-03-1984,379
4646,I19062847,7757,13,Primera clase,VERDADERO,Christopher Garcia,Chilena,06-12-1986,380
1970,O41678476,4033,24,Economica,VERDADERO,Andrew Malone,Argentina,24-06-1996,381
102,G96421276,3482,7,Ejecutiva,VERDADERO,Alexander Martin,Estadounidense,24-04-1980,382
4365,N55362278,7655,12,Primera clase,FALSO,Laura Marshall,Chilena,19-05-1991,383
4763,N15841852,2862,32,Ejecutiva,FALSO,John Mcneil,Chilena,15-06-1981,384
1678,Z87364523,2028,23,Primera clase,VERDADERO,Samantha Martin,Alemana,26-03-1981,385
222,L87663260,957,23,Primera clase,VERDADERO,Heather Bolton,Estadounidense,17-09-1982,386
4604,B30315997,9396,6,Ejecutiva,VERDADERO,Tina Shaw,Estadounidense,26-10-1996,387
372,R17782317,2089,22,Economica,FALSO,Zachary Davenport,Venezolana,29-12-1971,388
613,L56496275,7515,24,Primera clase,FALSO,Cheryl Bolton,Uruguaya,16-12-1972,389
2556,Z87364523,3187,15,Economica,FALSO,Samantha Martin,Alemana,26-03-1981,390
3568,F23633774,6894,16,Ejecutiva,VERDADERO,Amanda Ruiz,Francesa,09-07-1977,391
92,G15489494,4340,7,Economica,FALSO,Anthony Francis,Argentina,13-02-1988,392
2621,I19062847,3682,28,Ejecutiva,VERDADERO,Christopher Garcia,Chilena,06-12-1986,393
3405,Y23187711,5378,14,Economica,FALSO,Vicki Ward,Argentina,31-08-1981,394
1927,O01507856,3192,1,Economica,VERDADERO,James Hunter,Chilena,14-05-1995,395
2633,Z51226931,791,2,Economica,FALSO,Matthew Simmons,Chilena,18-05-1978,396
2910,U37349664,6358,8,Primera clase,FALSO,Diane Ritter,Venezolana,05-05-1996,397
4669,Y05451726,9949,9,Economica,FALSO,Kathleen Johnson,Chilena,24-02-1973,398
3287,F69466449,9692,24,Economica,FALSO,Jennifer Eaton,Chilena,29-08-1995,399
4177,Z09262256,7015,23,Economica,FALSO,Joseph Wilson,Uruguaya,28-07-1993,400
2855,X66304032,8568,22,Economica,FALSO,Victoria Odom,Francesa,04-12-1986,401
3712,I71542181,5333,5,Primera clase,VERDADERO,Alfred Martin Jr.,Chilena,10-11-1989,402
3728,F89276118,1505,15,Ejecutiva,VERDADERO,Todd Wilkins,Italiana,30-01-1991,403
435,T59160871,2714,10,Ejecutiva,VERDADERO,Lucas Jones,Uruguaya,02-03-1992,404
4697,D64763364,3380,25,Primera clase,FALSO,James Johnson,Chilena,09-06-1994,405
4033,J47009281,3538,32,Primera clase,FALSO,Susan Stewart MD,Estadounidense,08-02-1997,406
1080,R17782317,1726,5,Primera clase,VERDADERO,Zachary Davenport,Venezolana,29-12-1971,407
2875,D46250570,9947,25,Economica,VERDADERO,Michael Mcdaniel,Venezolana,04-11-1994,408
4241,X66304032,2072,24,Economica,FALSO,Victoria Odom,Francesa,04-12-1986,409
3003,G96421276,7161,6,Primera clase,FALSO,Alexander Martin,Estadounidense,24-04-1980,410
873,Y88079794,1837,13,Economica,FALSO,Gregory Bradley,Chilena,18-04-1986,411
2988,F23633774,8299,20,Economica,VERDADERO,Amanda Ruiz,Francesa,09-07-1977,412
1542,I78807927,8953,28,Economica,VERDADERO,Robert Kelly,Chilena,26-02-1975,413
3168,Y38354449,6828,27,Ejecutiva,VERDADERO,Nicole Petty,Estadounidense,07-02-1988,414
4209,L94336722,2350,4,Ejecutiva,VERDADERO,Julia Watkins,Uruguaya,25-08-1995,415
2262,L94336722,5862,18,Economica,VERDADERO,Julia Watkins,Uruguaya,25-08-1995,416
3887,J33947155,8547,11,Economica,VERDADERO,Amanda Mccarthy,Venezolana,25-08-1995,417
2218,I78807927,2354,14,Primera clase,FALSO,Robert Kelly,Chilena,26-02-1975,418
873,Y05451726,5766,21,Primera clase,FALSO,Kathleen Johnson,Chilena,24-02-1973,419
403,L87663260,2339,11,Primera clase,VERDADERO,Heather Bolton,Estadounidense,17-09-1982,420
4123,V39868007,9204,30,Economica,FALSO,Cassandra Kirby,Chilena,02-04-1997,421
4427,F70729457,630,10,Primera clase,VERDADERO,Justin Hudson,Chilena,12-02-1994,422
4727,X91486662,1396,15,Economica,VERDADERO,Heather Smith,Chilena,13-11-1976,423
2280,N24258653,31,4,Economica,VERDADERO,Kayla Douglas,Uruguaya,28-04-1970,424
2577,L56496275,8480,11,Economica,FALSO,Cheryl Bolton,Uruguaya,16-12-1972,425
102,N24258653,5841,16,Economica,FALSO,Kayla Douglas,Uruguaya,28-04-1970,426
2262,I78807927,2724,16,Primera clase,FALSO,Robert Kelly,Chilena,26-02-1975,427
2890,O41678476,7567,22,Economica,FALSO,Andrew Malone,Argentina,24-06-1996,428
255,I63697476,9052,28,Primera clase,VERDADERO,Emily Sullivan,Venezolana,25-07-1991,429
4772,O85238546,854,24,Economica,FALSO,Sheri Mcdonald,Argentina,14-03-1984,430
4800,U37349664,1080,6,Economica,VERDADERO,Diane Ritter,Venezolana,05-05-1996,431
4758,E44895667,9593,25,Ejecutiva,FALSO,Angela Reynolds,Estadounidense,09-08-1982,432
905,W23173820,3331,20,Economica,VERDADERO,Gabrielle Alvarez,Argentina,04-11-1992,433
2625,N47846939,2168,20,Economica,VERDADERO,John Lee,Italiana,25-01-1996,434
1430,L56496275,986,18,Economica,VERDADERO,Cheryl Bolton,Uruguaya,16-12-1972,435
2875,X84322989,117,14,Economica,VERDADERO,Mr. Russell Abbott,Chilena,16-11-1984,436
3396,G04408945,5363,2,Economica,FALSO,Robert Butler,Argentina,02-02-1974,437
3752,Z09262256,3611,25,Ejecutiva,VERDADERO,Joseph Wilson,Uruguaya,28-07-1993,438
4902,B30315997,7484,6,Economica,FALSO,Tina Shaw,Estadounidense,26-10-1996,439
2262,P11550487,2292,9,Economica,VERDADERO,Maria Perez,Francesa,11-08-1996,440
4004,G96421276,9435,31,Primera clase,VERDADERO,Alexander Martin,Estadounidense,24-04-1980,441
1618,J46009647,3214,28,Economica,FALSO,Erica Ochoa,Italiana,11-03-1994,442
2465,A40223024,2578,17,Economica,FALSO,Janice Smith,Argentina,25-03-1993,443
3294,K07643594,4764,5,Primera clase,VERDADERO,Suzanne Goodman,Chilena,16-11-1987,444
4004,O41678476,8829,19,Primera clase,FALSO,Andrew Malone,Argentina,24-06-1996,445
905,F89276118,6016,19,Ejecutiva,VERDADERO,Todd Wilkins,Italiana,30-01-1991,446
4926,D99418548,8272,18,Economica,VERDADERO,Alexis Smith,Argentina,21-03-1997,447
3080,X91486662,3139,22,Ejecutiva,FALSO,Heather Smith,Chilena,13-11-1976,448
1991,D84069297,4170,29,Economica,VERDADERO,Brittany Jones,Uruguaya,30-04-1978,449
2193,U37349664,7233,12,Economica,VERDADERO,Diane Ritter,Venezolana,05-05-1996,450
2281,X49704522,8217,15,Primera clase,FALSO,James Rojas,Chilena,29-05-1986,451
174,G69357980,9569,10,Ejecutiva,VERDADERO,Jerry Park,Argentina,28-06-1980,452
1090,A17367163,3570,26,Economica,VERDADERO,Jane Berger,Italiana,29-05-1987,453
4473,F15206543,2475,25,Primera clase,VERDADERO,Kristen Harris,Chilena,25-11-1972,454
3972,U68917595,4475,7,Ejecutiva,FALSO,Paul Brown,Francesa,24-08-1987,455
743,L56496275,348,22,Ejecutiva,VERDADERO,Cheryl Bolton,Uruguaya,16-12-1972,456
2193,W06120402,5853,4,Ejecutiva,VERDADERO,Adam Clark,Estadounidense,10-06-1993,457
3287,F89276118,2329,1,Economica,FALSO,Todd Wilkins,Italiana,30-01-1991,458
1331,M25657749,4357,11,Economica,VERDADERO,Casey Bennett,Estadounidense,12-03-1984,459
3536,G15489494,6868,18,Primera clase,FALSO,Anthony Francis,Argentina,13-02-1988,460
1007,Z09262256,8281,12,Economica,FALSO,Joseph Wilson,Uruguaya,28-07-1993,461
3037,A40223024,6212,17,Economica,FALSO,Janice Smith,Argentina,25-03-1993,462
2964,I71542181,7738,26,Primera clase,VERDADERO,Alfred Martin Jr.,Chilena,10-11-1989,463
3293,P34583903,2821,9,Primera clase,VERDADERO,Kelsey Huff,Estadounidense,08-08-1972,464
2262,Y23187711,7657,6,Ejecutiva,VERDADERO,Vicki Ward,Argentina,31-08-1981,465
3463,N07672370,5896,20,Ejecutiva,VERDADERO,Kevin Wilson,Uruguaya,11-09-1986,466
736,J33947155,981,1,Primera clase,FALSO,Amanda Mccarthy,Venezolana,25-08-1995,467
3293,C59429415,9031,17,Primera clase,FALSO,Brian Garcia,Chilena,20-04-1992,468
1361,P11550487,8504,18,Primera clase,VERDADERO,Maria Perez,Francesa,11-08-1996,469
3080,S03830222,8744,27,Economica,FALSO,Amanda Andrade,Italiana,06-11-1993,470
174,I07581924,4453,8,Primera clase,FALSO,Kelsey Powell,Francesa,10-07-1989,471
3003,Z87364523,8724,15,Economica,VERDADERO,Samantha Martin,Alemana,26-03-1981,472
405,V79731274,6198,15,Ejecutiva,VERDADERO,Corey Elliott,Venezolana,04-10-1979,473
4123,H44001820,8589,28,Ejecutiva,VERDADERO,Ann Robertson,Venezolana,27-04-1998,474
2621,K07643594,8715,23,Economica,VERDADERO,Suzanne Goodman,Chilena,16-11-1987,475
3593,N49905893,9669,10,Economica,FALSO,Emma Scott,Chilena,29-07-1989,476
3147,I07581924,6463,25,Economica,VERDADERO,Kelsey Powell,Francesa,10-07-1989,477
1542,I71394677,2060,22,Economica,VERDADERO,Jessica Macias,Chilena,12-04-1986,478
3471,G15489494,4702,27,Ejecutiva,FALSO,Anthony Francis,Argentina,13-02-1988,479
174,Y33413387,3633,12,Primera clase,FALSO,Kimberly Hansen,Argentina,02-07-1989,480
3237,F09235820,6441,25,Ejecutiva,VERDADERO,Katrina Frye,Chilena,11-10-1995,481
3059,G15489494,1649,4,Ejecutiva,VERDADERO,Anthony Francis,Argentina,13-02-1988,482
2542,C63211080,4538,27,Primera clase,VERDADERO,Brian Mitchell,Chilena,04-05-1983,483
3231,E44895667,9822,24,Economica,FALSO,Angela Reynolds,Estadounidense,09-08-1982,484
1733,R56995721,6912,2,Economica,VERDADERO,David Keller,Venezolana,24-07-1975,485
4727,Z09262256,3441,19,Primera clase,FALSO,Joseph Wilson,Uruguaya,28-07-1993,486
4922,J46009647,6586,5,Ejecutiva,FALSO,Erica Ochoa,Italiana,11-03-1994,487
743,C59429415,9806,23,Ejecutiva,VERDADERO,Brian Garcia,Chilena,20-04-1992,488
255,D84069297,951,19,Ejecutiva,VERDADERO,Brittany Jones,Uruguaya,30-04-1978,489
3564,Q62966391,7165,4,Primera clase,FALSO,Patricia Parker,Mexicana,07-08-1994,490
2577,P34583903,8940,10,Economica,FALSO,Kelsey Huff,Estadounidense,08-08-1972,491
3394,J46610530,5007,24,Economica,VERDADERO,Andrew Torres,Alemana,01-12-1981,492
2133,Y13424296,5569,1,Ejecutiva,FALSO,Katherine Perez,Mexicana,29-07-1978,493
159,N07672370,2378,8,Economica,VERDADERO,Kevin Wilson,Uruguaya,11-09-1986,494
1288,S03830222,9141,21,Ejecutiva,VERDADERO,Amanda Andrade,Italiana,06-11-1993,495
2578,T72132858,5567,18,Economica,VERDADERO,Kathy Luna,Chilena,13-07-1990,496
2281,H44001820,8633,16,Economica,FALSO,Ann Robertson,Venezolana,27-04-1998,497
3819,D39176940,3959,22,Economica,FALSO,Patrick Choi,Chilena,26-06-1985,498
1251,K07643594,9712,5,Ejecutiva,FALSO,Suzanne Goodman,Chilena,16-11-1987,499
2193,N07672370,1282,24,Economica,VERDADERO,Kevin Wilson,Uruguaya,11-09-1986,500
628,Y38354449,5073,4,Economica,FALSO,Nicole Petty,Estadounidense,07-02-1988,501
2048,J86333952,4134,30,Ejecutiva,FALSO,Leslie Howard,Venezolana,22-09-1971,502
2540,U68917595,7756,28,Economica,FALSO,Paul Brown,Francesa,24-08-1987,503
3668,L56496275,2582,13,Ejecutiva,FALSO,Cheryl Bolton,Uruguaya,16-12-1972,504
4033,G04408945,6071,21,Ejecutiva,VERDADERO,Robert Butler,Argentina,02-02-1974,505
1975,R10584802,7481,22,Primera clase,FALSO,John Luna,Chilena,04-11-1983,506
3972,O01507856,2859,18,Primera clase,FALSO,James Hunter,Chilena,14-05-1995,507
3231,F70729457,6724,29,Ejecutiva,VERDADERO,Justin Hudson,Chilena,12-02-1994,508
1361,C87025090,5642,26,Primera clase,FALSO,Diana Frank,Alemana,07-12-1979,509
3772,Q62966391,4784,7,Primera clase,VERDADERO,Patricia Parker,Mexicana,07-08-1994,510
2739,J33947155,8378,11,Primera clase,FALSO,Amanda Mccarthy,Venezolana,25-08-1995,511
3450,A40223024,1487,13,Ejecutiva,FALSO,Janice Smith,Argentina,25-03-1993,512
1,W23173820,5294,14,Primera clase,FALSO,Gabrielle Alvarez,Argentina,04-11-1992,513
4265,Y88079794,4390,29,Primera clase,FALSO,Gregory Bradley,Chilena,18-04-1986,514
4404,Y13424296,4982,1,Economica,VERDADERO,Katherine Perez,Mexicana,29-07-1978,515
3450,V39868007,3902,21,Ejecutiva,VERDADERO,Cassandra Kirby,Chilena,02-04-1997,516
1618,J76795477,4205,13,Economica,FALSO,Mikayla White,Argentina,30-09-1984,517
4470,N68461604,2140,26,Economica,VERDADERO,Gary Vasquez,Chilena,21-11-1984,518
3832,J47009281,7491,22,Economica,FALSO,Susan Stewart MD,Estadounidense,08-02-1997,519
2739,J47009281,9095,28,Economica,VERDADERO,Susan Stewart MD,Estadounidense,08-02-1997,520
3168,P84627985,4021,21,Economica,VERDADERO,Meghan Davis,Chilena,15-11-1970,521
3405,R10584802,9027,15,Ejecutiva,FALSO,John Luna,Chilena,04-11-1983,522
435,N07672370,308,28,Ejecutiva,FALSO,Kevin Wilson,Uruguaya,11-09-1986,523
1722,N68461604,6139,6,Economica,VERDADERO,Gary Vasquez,Chilena,21-11-1984,524
4669,Y33413387,3508,13,Economica,VERDADERO,Kimberly Hansen,Argentina,02-07-1989,525
1422,L87663260,4207,4,Primera clase,FALSO,Heather Bolton,Estadounidense,17-09-1982,526
4404,R56995721,3585,29,Economica,VERDADERO,David Keller,Venezolana,24-07-1975,527
1269,G04408945,8814,15,Ejecutiva,FALSO,Robert Butler,Argentina,02-02-1974,528
2597,N15841852,756,20,Economica,VERDADERO,John Mcneil,Chilena,15-06-1981,529
4236,I63697476,807,32,Economica,VERDADERO,Emily Sullivan,Venezolana,25-07-1991,530
2220,H23592194,2754,20,Economica,VERDADERO,Ethan Gilbert,Uruguaya,30-12-1975,531
629,L56496275,2265,29,Economica,VERDADERO,Cheryl Bolton,Uruguaya,16-12-1972,532
1480,V39868007,7872,18,Economica,VERDADERO,Cassandra Kirby,Chilena,02-04-1997,533
4763,O01507856,9088,21,Ejecutiva,FALSO,James Hunter,Chilena,14-05-1995,534
3772,N24258653,2191,29,Primera clase,VERDADERO,Kayla Douglas,Uruguaya,28-04-1970,535
2262,D46250570,7761,24,Economica,VERDADERO,Michael Mcdaniel,Venezolana,04-11-1994,536
1436,E44895667,7412,23,Economica,FALSO,Angela Reynolds,Estadounidense,09-08-1982,537
4490,F70729457,9085,28,Economica,FALSO,Justin Hudson,Chilena,12-02-1994,538
616,D39176940,7950,10,Primera clase,VERDADERO,Patrick Choi,Chilena,26-06-1985,539
3728,J47009281,7593,2,Economica,VERDADERO,Susan Stewart MD,Estadounidense,08-02-1997,540
3593,Y05451726,2486,9,Economica,VERDADERO,Kathleen Johnson,Chilena,24-02-1973,541
435,Z87364523,9748,17,Economica,FALSO,Samantha Martin,Alemana,26-03-1981,542
2500,T59160871,8830,19,Economica,VERDADERO,Lucas Jones,Uruguaya,02-03-1992,543
4064,X66304032,7297,12,Primera clase,VERDADERO,Victoria Odom,Francesa,04-12-1986,544
1195,L56496275,7721,2,Economica,FALSO,Cheryl Bolton,Uruguaya,16-12-1972,545
1037,W23173820,5679,15,Economica,VERDADERO,Gabrielle Alvarez,Argentina,04-11-1992,546
736,G15489494,6837,4,Primera clase,VERDADERO,Anthony Francis,Argentina,13-02-1988,547
1090,O04335063,4541,11,Economica,FALSO,Jonathan Sims,Estadounidense,13-04-1974,548
2855,C87025090,7111,6,Economica,VERDADERO,Diana Frank,Alemana,07-12-1979,549
1678,T18212951,1261,27,Primera clase,VERDADERO,Joel Compton,Argentina,03-03-1991,550
4268,V03976673,2446,24,Primera clase,FALSO,Mark Greene,Chilena,09-12-1998,551
1165,X84322989,5963,7,Economica,VERDADERO,Mr. Russell Abbott,Chilena,16-11-1984,552
2910,D76513142,3354,30,Economica,FALSO,Victoria Brennan,Uruguaya,19-06-1977,553
3591,F69466449,4302,4,Ejecutiva,VERDADERO,Jennifer Eaton,Chilena,29-08-1995,554
4771,I63697476,482,5,Ejecutiva,VERDADERO,Emily Sullivan,Venezolana,25-07-1991,555
182,N24258653,2943,28,Primera clase,VERDADERO,Kayla Douglas,Uruguaya,28-04-1970,556
174,Y88079794,4943,16,Ejecutiva,VERDADERO,Gregory Bradley,Chilena,18-04-1986,557
894,Y23187711,3065,12,Primera clase,VERDADERO,Vicki Ward,Argentina,31-08-1981,558
616,L87663260,7732,9,Primera clase,VERDADERO,Heather Bolton,Estadounidense,17-09-1982,559
4727,D46250570,5598,11,Ejecutiva,FALSO,Michael Mcdaniel,Venezolana,04-11-1994,560
4902,F15206543,2407,5,Primera clase,VERDADERO,Kristen Harris,Chilena,25-11-1972,561
2616,T33834498,1914,9,Economica,FALSO,Alejandro Allen,Chilena,20-05-1992,562
405,O85238546,325,3,Ejecutiva,FALSO,Sheri Mcdonald,Argentina,14-03-1984,563
3037,J46610530,1217,6,Primera clase,FALSO,Andrew Torres,Alemana,01-12-1981,564
3421,F69466449,9749,18,Economica,FALSO,Jennifer Eaton,Chilena,29-08-1995,565
1991,R56995721,8276,30,Ejecutiva,VERDADERO,David Keller,Venezolana,24-07-1975,566
4922,,1675,22,Economica,VERDADERO,,,,567
3668,J46610530,7853,15,Economica,VERDADERO,Andrew Torres,Alemana,01-12-1981,568
405,Z87364523,3741,8,Economica,FALSO,Samantha Martin,Alemana,26-03-1981,569
221,N15841852,3945,19,Economica,FALSO,John Mcneil,Chilena,15-06-1981,570
2497,R17782317,9029,9,Ejecutiva,VERDADERO,Zachary Davenport,Venezolana,29-12-1971,571
1113,T59160871,1678,4,Primera clase,VERDADERO,Lucas Jones,Uruguaya,02-03-1992,572
4727,I07581924,4091,2,Economica,FALSO,Kelsey Powell,Francesa,10-07-1989,573
2054,L56496275,6684,9,Primera clase,FALSO,Cheryl Bolton,Uruguaya,16-12-1972,574
92,F23633774,1926,20,Economica,FALSO,Amanda Ruiz,Francesa,09-07-1977,575
4669,G69357980,7884,2,Primera clase,FALSO,Jerry Park,Argentina,28-06-1980,576
2497,R56995721,6685,18,Economica,FALSO,David Keller,Venezolana,24-07-1975,577
1726,I71542181,4349,12,Economica,VERDADERO,Alfred Martin Jr.,Chilena,10-11-1989,578
3972,F09235820,5128,28,Economica,FALSO,Katrina Frye,Chilena,11-10-1995,579
4782,Y33413387,134,5,Ejecutiva,FALSO,Kimberly Hansen,Argentina,02-07-1989,580
4177,Z87364523,6844,15,Ejecutiva,FALSO,Samantha Martin,Alemana,26-03-1981,581
3775,V39868007,9634,9,Economica,FALSO,Cassandra Kirby,Chilena,02-04-1997,582
3536,Y13424296,967,27,Economica,VERDADERO,Katherine Perez,Mexicana,29-07-1978,583
3409,F89276118,353,23,Economica,FALSO,Todd Wilkins,Italiana,30-01-1991,584
2704,X84322989,4457,10,Primera clase,FALSO,Mr. Russell Abbott,Chilena,16-11-1984,585
736,L94336722,7163,23,Economica,FALSO,Julia Watkins,Uruguaya,25-08-1995,586
3471,X49704522,7647,23,Economica,FALSO,James Rojas,Chilena,29-05-1986,587
1090,G15489494,8156,9,Economica,VERDADERO,Anthony Francis,Argentina,13-02-1988,588
3405,A40223024,7913,6,Economica,FALSO,Janice Smith,Argentina,25-03-1993,589
1699,J33947155,3739,10,Primera clase,VERDADERO,Amanda Mccarthy,Venezolana,25-08-1995,590
4473,R56995721,7914,26,Economica,VERDADERO,David Keller,Venezolana,24-07-1975,591
1907,D99418548,4510,17,Primera clase,FALSO,Alexis Smith,Argentina,21-03-1997,592
3593,I19062847,2710,18,Primera clase,VERDADERO,Christopher Garcia,Chilena,06-12-1986,593
1037,D99418548,8174,29,Economica,FALSO,Alexis Smith,Argentina,21-03-1997,594
1269,G96421276,5074,7,Primera clase,VERDADERO,Alexander Martin,Estadounidense,24-04-1980,595
4236,T72132858,1674,19,Economica,FALSO,Kathy Luna,Chilena,13-07-1990,596
1515,X66304032,193,1,Economica,FALSO,Victoria Odom,Francesa,04-12-1986,597
4523,L56496275,1443,31,Ejecutiva,FALSO,Cheryl Bolton,Uruguaya,16-12-1972,598
4727,S05106445,9751,21,Economica,VERDADERO,Gregory Andrade,Mexicana,20-12-1984,599
1995,Y13424296,5522,24,Primera clase,VERDADERO,Katherine Perez,Mexicana,29-07-1978,600
4646,O41678476,631,21,Primera clase,FALSO,Andrew Malone,Argentina,24-06-1996,601
3564,I07581924,2586,15,Ejecutiva,VERDADERO,Kelsey Powell,Francesa,10-07-1989,602
3003,C87025090,8877,21,Ejecutiva,FALSO,Diana Frank,Alemana,07-12-1979,603
3593,K07643594,8476,20,Economica,FALSO,Suzanne Goodman,Chilena,16-11-1987,604
4158,Y23187711,5539,27,Ejecutiva,FALSO,Vicki Ward,Argentina,31-08-1981,605
3974,A17367163,872,15,Economica,FALSO,Jane Berger,Italiana,29-05-1987,606
1405,T33834498,6144,26,Ejecutiva,VERDADERO,Alejandro Allen,Chilena,20-05-1992,607
842,X84322989,7587,9,Ejecutiva,FALSO,Mr. Russell Abbott,Chilena,16-11-1984,608
538,F15206543,3595,20,Economica,FALSO,Kristen Harris,Chilena,25-11-1972,609
1037,I07581924,8501,13,Ejecutiva,VERDADERO,Kelsey Powell,Francesa,10-07-1989,610
2226,V03976673,853,16,Economica,FALSO,Mark Greene,Chilena,09-12-1998,611
4365,D64763364,9203,1,Economica,VERDADERO,James Johnson,Chilena,09-06-1994,612
2448,W23173820,9252,7,Economica,VERDADERO,Gabrielle Alvarez,Argentina,04-11-1992,613
21,V39868007,4238,30,Ejecutiva,FALSO,Cassandra Kirby,Chilena,02-04-1997,614
3366,W06120402,1978,10,Economica,VERDADERO,Adam Clark,Estadounidense,10-06-1993,615
3588,P34583903,7651,11,Primera clase,VERDADERO,Kelsey Huff,Estadounidense,08-08-1972,616
1331,V39868007,8842,15,Economica,VERDADERO,Cassandra Kirby,Chilena,02-04-1997,617
4263,C87025090,6558,1,Economica,FALSO,Diana Frank,Alemana,07-12-1979,618
1687,O04335063,1377,19,Economica,VERDADERO,Jonathan Sims,Estadounidense,13-04-1974,619
1687,N49905893,8496,10,Primera clase,FALSO,Emma Scott,Chilena,29-07-1989,620
3887,J47009281,2782,30,Ejecutiva,FALSO,Susan Stewart MD,Estadounidense,08-02-1997,621
4427,B30315997,4694,16,Primera clase,VERDADERO,Tina Shaw,Estadounidense,26-10-1996,622
1286,P11550487,6570,19,Economica,VERDADERO,Maria Perez,Francesa,11-08-1996,623
2875,L94336722,6638,7,Economica,FALSO,Julia Watkins,Uruguaya,25-08-1995,624
4236,Z09262256,1285,17,Ejecutiva,VERDADERO,Joseph Wilson,Uruguaya,28-07-1993,625
628,J76795477,7767,6,Economica,VERDADERO,Mikayla White,Argentina,30-09-1984,626
4372,R17782317,6140,3,Economica,FALSO,Zachary Davenport,Venezolana,29-12-1971,627
2625,Y05451726,7303,25,Economica,VERDADERO,Kathleen Johnson,Chilena,24-02-1973,628
2448,N15841852,5274,16,Ejecutiva,FALSO,John Mcneil,Chilena,15-06-1981,629
531,N15841852,9744,8,Ejecutiva,FALSO,John Mcneil,Chilena,15-06-1981,630
1080,D99418548,3111,25,Economica,VERDADERO,Alexis Smith,Argentina,21-03-1997,631
3845,O04335063,6211,17,Economica,VERDADERO,Jonathan Sims,Estadounidense,13-04-1974,632
4772,U68917595,5777,21,Economica,VERDADERO,Paul Brown,Francesa,24-08-1987,633
3712,U37349664,3895,32,Ejecutiva,FALSO,Diane Ritter,Venezolana,05-05-1996,634
4033,J86333952,7212,1,Economica,FALSO,Leslie Howard,Venezolana,22-09-1971,635
1288,L87663260,2431,23,Economica,VERDADERO,Heather Bolton,Estadounidense,17-09-1982,636
4523,T33834498,4991,1,Ejecutiva,VERDADERO,Alejandro Allen,Chilena,20-05-1992,637
2448,Y88079794,493,1,Ejecutiva,FALSO,Gregory Bradley,Chilena,18-04-1986,638
9,D84069297,1103,14,Primera clase,FALSO,Brittany Jones,Uruguaya,30-04-1978,639
2890,Y88079794,5995,31,Economica,VERDADERO,Gregory Bradley,Chilena,18-04-1986,640
1970,X84322989,394,31,Primera clase,VERDADERO,Mr. Russell Abbott,Chilena,16-11-1984,641
820,F09235820,4806,19,Economica,VERDADERO,Katrina Frye,Chilena,11-10-1995,642
174,G04408945,9302,20,Economica,VERDADERO,Robert Butler,Argentina,02-02-1974,643
2281,M25657749,2195,14,Economica,VERDADERO,Casey Bennett,Estadounidense,12-03-1984,644
842,K07643594,442,25,Economica,FALSO,Suzanne Goodman,Chilena,16-11-1987,645
2440,Q62966391,6539,14,Primera clase,FALSO,Patricia Parker,Mexicana,07-08-1994,646
372,H23592194,3120,15,Economica,VERDADERO,Ethan Gilbert,Uruguaya,30-12-1975,647
4137,F89276118,4012,4,Ejecutiva,FALSO,Todd Wilkins,Italiana,30-01-1991,648
1907,C87025090,1637,16,Economica,FALSO,Diana Frank,Alemana,07-12-1979,649
3951,C59429415,881,26,Economica,VERDADERO,Brian Garcia,Chilena,20-04-1992,650
1618,N47846939,8996,25,Economica,FALSO,John Lee,Italiana,25-01-1996,651
3739,P11550487,6113,14,Primera clase,VERDADERO,Maria Perez,Francesa,11-08-1996,652
613,V79731274,6604,15,Economica,FALSO,Corey Elliott,Venezolana,04-10-1979,653
2504,L87663260,3230,5,Economica,VERDADERO,Heather Bolton,Estadounidense,17-09-1982,654
221,P34583903,7293,5,Ejecutiva,VERDADERO,Kelsey Huff,Estadounidense,08-08-1972,655
3287,S03830222,9135,17,Ejecutiva,FALSO,Amanda Andrade,Italiana,06-11-1993,656
2988,A17367163,1445,12,Ejecutiva,VERDADERO,Jane Berger,Italiana,29-05-1987,657
1733,J46009647,583,17,Primera clase,FALSO,Erica Ochoa,Italiana,11-03-1994,658
2597,N47846939,1911,25,Economica,FALSO,John Lee,Italiana,25-01-1996,659
4427,Y05451726,8864,15,Ejecutiva,VERDADERO,Kathleen Johnson,Chilena,24-02-1973,660
2054,H44001820,6123,19,Economica,FALSO,Ann Robertson,Venezolana,27-04-1998,661
2844,B30315997,7716,28,Economica,VERDADERO,Tina Shaw,Estadounidense,26-10-1996,662
629,I63697476,1568,13,Economica,VERDADERO,Emily Sullivan,Venezolana,25-07-1991,663
3974,P84627985,5810,22,Economica,VERDADERO,Meghan Davis,Chilena,15-11-1970,664
25,J34719947,5940,10,Economica,VERDADERO,Heather Scott,Estadounidense,02-05-1973,665
102,V39868007,7256,27,Economica,VERDADERO,Cassandra Kirby,Chilena,02-04-1997,666
3591,Z51226931,4983,20,Economica,VERDADERO,Matthew Simmons,Chilena,18-05-1978,667
4188,Y23187711,1016,9,Economica,FALSO,Vicki Ward,Argentina,31-08-1981,668
4150,D76513142,3921,30,Ejecutiva,FALSO,Victoria Brennan,Uruguaya,19-06-1977,669
1515,Z09262256,8029,26,Economica,VERDADERO,Joseph Wilson,Uruguaya,28-07-1993,670
2616,N15841852,5525,10,Ejecutiva,VERDADERO,John Mcneil,Chilena,15-06-1981,671
3887,G96421276,2433,27,Ejecutiva,VERDADERO,Alexander Martin,Estadounidense,24-04-1980,672
3396,H44001820,2806,13,Economica,FALSO,Ann Robertson,Venezolana,27-04-1998,673
2339,G15489494,3174,14,Primera clase,FALSO,Anthony Francis,Argentina,13-02-1988,674
1016,D39176940,2975,13,Economica,FALSO,Patrick Choi,Chilena,26-06-1985,675
1430,P84627985,2725,4,Economica,FALSO,Meghan Davis,Chilena,15-11-1970,676
2414,D46250570,8608,26,Economica,VERDADERO,Michael Mcdaniel,Venezolana,04-11-1994,677
2029,F69466449,5120,4,Economica,FALSO,Jennifer Eaton,Chilena,29-08-1995,678
1080,R56995721,9560,28,Ejecutiva,FALSO,David Keller,Venezolana,24-07-1975,679
3951,S05106445,4102,27,Economica,VERDADERO,Gregory Andrade,Mexicana,20-12-1984,680
3293,C63211080,3081,27,Ejecutiva,VERDADERO,Brian Mitchell,Chilena,04-05-1983,681
3543,N55362278,6020,24,Ejecutiva,FALSO,Laura Marshall,Chilena,19-05-1991,682
2123,V79731274,1340,18,Economica,VERDADERO,Corey Elliott,Venezolana,04-10-1979,683
3752,N47846939,9750,27,Economica,FALSO,John Lee,Italiana,25-01-1996,684
3591,P11550487,5408,3,Economica,FALSO,Maria Perez,Francesa,11-08-1996,685
3463,F23633774,6990,24,Primera clase,FALSO,Amanda Ruiz,Francesa,09-07-1977,686
444,J76795477,5552,4,Economica,FALSO,Mikayla White,Argentina,30-09-1984,687
3298,O85238546,2781,9,Ejecutiva,VERDADERO,Sheri Mcdonald,Argentina,14-03-1984,688
4247,Y13424296,4209,21,Economica,VERDADERO,Katherine Perez,Mexicana,29-07-1978,689
3339,J47009281,2938,30,Economica,FALSO,Susan Stewart MD,Estadounidense,08-02-1997,690
3832,F69466449,705,26,Economica,FALSO,Jennifer Eaton,Chilena,29-08-1995,691
1722,C63211080,2755,1,Primera clase,FALSO,Brian Mitchell,Chilena,04-05-1983,692
3376,T72132858,5335,8,Economica,VERDADERO,Kathy Luna,Chilena,13-07-1990,693
181,F89276118,1805,4,Ejecutiva,FALSO,Todd Wilkins,Italiana,30-01-1991,694
3421,S03830222,9048,17,Primera clase,VERDADERO,Amanda Andrade,Italiana,06-11-1993,695
4186,T33834498,3100,14,Economica,FALSO,Alejandro Allen,Chilena,20-05-1992,696
945,N15841852,9315,7,Economica,VERDADERO,John Mcneil,Chilena,15-06-1981,697
2739,R17782317,5390,14,Economica,FALSO,Zachary Davenport,Venezolana,29-12-1971,698
3591,G69357980,1970,5,Economica,FALSO,Jerry Park,Argentina,28-06-1980,699
2844,T18212951,9497,11,Economica,VERDADERO,Joel Compton,Argentina,03-03-1991,700
2597,F70729457,4866,8,Ejecutiva,FALSO,Justin Hudson,Chilena,12-02-1994,701
2262,F69466449,7726,28,Economica,VERDADERO,Jennifer Eaton,Chilena,29-08-1995,702
1749,Y38354449,148,26,Economica,FALSO,Nicole Petty,Estadounidense,07-02-1988,703
4800,I78807927,8291,20,Primera clase,FALSO,Robert Kelly,Chilena,26-02-1975,704
4646,Z09262256,7073,5,Economica,VERDADERO,Joseph Wilson,Uruguaya,28-07-1993,705
3394,S05106445,1065,26,Economica,FALSO,Gregory Andrade,Mexicana,20-12-1984,706
3405,X49704522,4849,23,Primera clase,FALSO,James Rojas,Chilena,29-05-1986,707
4064,N49905893,4193,15,Economica,VERDADERO,Emma Scott,Chilena,29-07-1989,708
4660,H23592194,2163,20,Economica,VERDADERO,Ethan Gilbert,Uruguaya,30-12-1975,709
873,T72132858,9807,7,Economica,FALSO,Kathy Luna,Chilena,13-07-1990,710
3366,X49704522,6581,14,Ejecutiva,FALSO,James Rojas,Chilena,29-05-1986,711
1007,J86333952,6515,13,Economica,VERDADERO,Leslie Howard,Venezolana,22-09-1971,712
174,I78807927,6357,14,Economica,FALSO,Robert Kelly,Chilena,26-02-1975,713
2271,F89276118,1179,9,Ejecutiva,FALSO,Todd Wilkins,Italiana,30-01-1991,714
4523,W23173820,2006,28,Economica,FALSO,Gabrielle Alvarez,Argentina,04-11-1992,715
629,P34583903,8752,25,Economica,VERDADERO,Kelsey Huff,Estadounidense,08-08-1972,716
1975,Y13424296,6070,15,Economica,FALSO,Katherine Perez,Mexicana,29-07-1978,717
2625,U37349664,90,3,Economica,VERDADERO,Diane Ritter,Venezolana,05-05-1996,718
4263,T72132858,4776,8,Economica,FALSO,Kathy Luna,Chilena,13-07-1990,719
3366,K07643594,6996,2,Economica,FALSO,Suzanne Goodman,Chilena,16-11-1987,720
2133,I71542181,1090,22,Ejecutiva,VERDADERO,Alfred Martin Jr.,Chilena,10-11-1989,721
2633,,5203,9,Economica,FALSO,,,,722
1051,T72132858,9059,5,Economica,VERDADERO,Kathy Luna,Chilena,13-07-1990,723
4265,L87663260,1968,21,Ejecutiva,FALSO,Heather Bolton,Estadounidense,17-09-1982,724
1975,Y88079794,7107,20,Economica,FALSO,Gregory Bradley,Chilena,18-04-1986,725
4004,I71542181,4165,27,Economica,VERDADERO,Alfred Martin Jr.,Chilena,10-11-1989,726
2543,N55362278,1548,26,Primera clase,FALSO,Laura Marshall,Chilena,19-05-1991,727
3887,K07643594,9607,31,Economica,FALSO,Suzanne Goodman,Chilena,16-11-1987,728
2220,P11550487,7617,16,Ejecutiva,VERDADERO,Maria Perez,Francesa,11-08-1996,729
1155,X49704522,3107,20,Primera clase,FALSO,James Rojas,Chilena,29-05-1986,730
221,F69466449,927,13,Primera clase,VERDADERO,Jennifer Eaton,Chilena,29-08-1995,731
834,N55362278,707,10,Economica,VERDADERO,Laura Marshall,Chilena,19-05-1991,732
1970,L87663260,9352,18,Ejecutiva,VERDADERO,Heather Bolton,Estadounidense,17-09-1982,733
4926,D46250570,7305,17,Ejecutiva,VERDADERO,Michael Mcdaniel,Venezolana,04-11-1994,734
2440,T18212951,7103,12,Ejecutiva,VERDADERO,Joel Compton,Argentina,03-03-1991,735
3147,Q76465555,3360,24,Ejecutiva,VERDADERO,Isaiah Wood,Francesa,05-11-1980,736
4727,J47009281,4588,14,Ejecutiva,VERDADERO,Susan Stewart MD,Estadounidense,08-02-1997,737
3396,K07643594,8335,16,Economica,FALSO,Suzanne Goodman,Chilena,16-11-1987,738
2276,R17782317,1929,14,Ejecutiva,VERDADERO,Zachary Davenport,Venezolana,29-12-1971,739
4209,T18212951,81,20,Economica,VERDADERO,Joel Compton,Argentina,03-03-1991,740
4634,Q76465555,8309,19,Primera clase,VERDADERO,Isaiah Wood,Francesa,05-11-1980,741
4150,G15489494,2766,29,Economica,VERDADERO,Anthony Francis,Argentina,13-02-1988,742
174,S03830222,8435,27,Economica,VERDADERO,Amanda Andrade,Italiana,06-11-1993,743
3978,I63697476,9739,17,Ejecutiva,VERDADERO,Emily Sullivan,Venezolana,25-07-1991,744
1678,N47846939,4775,26,Economica,VERDADERO,John Lee,Italiana,25-01-1996,745
3298,F70729457,7542,8,Ejecutiva,FALSO,Justin Hudson,Chilena,12-02-1994,746
4727,K07643594,4792,13,Ejecutiva,FALSO,Suzanne Goodman,Chilena,16-11-1987,747
2301,W23173820,7215,24,Economica,FALSO,Gabrielle Alvarez,Argentina,04-11-1992,748
4064,R17782317,8737,13,Ejecutiva,VERDADERO,Zachary Davenport,Venezolana,29-12-1971,749
2054,Z87364523,5672,8,Economica,VERDADERO,Samantha Martin,Alemana,26-03-1981,750
3836,T72132858,4668,13,Economica,FALSO,Kathy Luna,Chilena,13-07-1990,751
4372,L97895867,9630,7,Primera clase,FALSO,Sarah Williams,Uruguaya,06-11-1992,752
2540,N68461604,5030,30,Primera clase,FALSO,Gary Vasquez,Chilena,21-11-1984,753
894,S05106445,7883,30,Ejecutiva,VERDADERO,Gregory Andrade,Mexicana,20-12-1984,754
2414,F23633774,8296,16,Economica,VERDADERO,Amanda Ruiz,Francesa,09-07-1977,755
1726,O41678476,6576,2,Economica,VERDADERO,Andrew Malone,Argentina,24-06-1996,756
2578,O04335063,8371,23,Economica,VERDADERO,Jonathan Sims,Estadounidense,13-04-1974,757
736,,4956,11,Economica,FALSO,,,,758
1515,X91486662,6869,27,Economica,FALSO,Heather Smith,Chilena,13-11-1976,759
3772,S03830222,7558,30,Economica,FALSO,Amanda Andrade,Italiana,06-11-1993,760
1016,O01507856,4985,6,Primera clase,FALSO,James Hunter,Chilena,14-05-1995,761
4158,N68461604,9966,24,Primera clase,FALSO,Gary Vasquez,Chilena,21-11-1984,762
4758,J39937043,5129,20,Economica,FALSO,Danielle Johnson,Mexicana,18-12-1981,763
2515,T18212951,2382,21,Economica,VERDADERO,Joel Compton,Argentina,03-03-1991,764
2123,J46610530,4249,12,Economica,FALSO,Andrew Torres,Alemana,01-12-1981,765
4470,X84322989,8880,27,Ejecutiva,VERDADERO,Mr. Russell Abbott,Chilena,16-11-1984,766
1155,Q62966391,4462,28,Primera clase,VERDADERO,Patricia Parker,Mexicana,07-08-1994,767
843,G69357980,7472,13,Ejecutiva,FALSO,Jerry Park,Argentina,28-06-1980,768
4247,L97895867,7594,27,Primera clase,FALSO,Sarah Williams,Uruguaya,06-11-1992,769
3059,J33947155,1545,32,Economica,FALSO,Amanda Mccarthy,Venezolana,25-08-1995,770
1642,V79731274,994,29,Ejecutiva,FALSO,Corey Elliott,Venezolana,04-10-1979,771
3543,R10584802,9017,21,Primera clase,FALSO,John Luna,Chilena,04-11-1983,772
1007,S03830222,6779,29,Primera clase,FALSO,Amanda Andrade,Italiana,06-11-1993,773
