reserva_id,pasaporte_pasajero,numero_ticket,numero_asiento,clase,comida_y_maleta,nombre_pasajero,nacionalidad_pasajero,fecha_nacimiento_pasajero
4263,V03976673,2096,21,Primera clase,FALSO,Mark Greene,Chilena,09-12-1998
1722,I07581924,4435,4,Economica,FALSO,Kelsey Powell,Francesa,10-07-1989
2621,F15206543,6305,8,Primera clase,FALSO,Kristen Harris,Chilena,25-11-1972
219,P34583903,8161,6,Ejecutiva,FALSO,Kelsey Huff,Estadounidense,08-08-1972
1037,H23592194,316,22,Economica,VERDADERO,Ethan Gilbert,Uruguaya,30-12-1975
1331,V03976673,3411,26,Primera clase,VERDADERO,Mark Greene,Chilena,09-12-1998
2704,C87025090,4516,17,Economica,VERDADERO,Diana Frank,Alemana,07-12-1979
3978,G15489494,3856,3,Economica,FALSO,Anthony Francis,Argentina,13-02-1988
616,J46610530,7951,4,Ejecutiva,VERDADERO,Andrew Torres,Alemana,01-12-1981
4160,U37349664,7946,25,Primera clase,VERDADERO,Diane Ritter,Venezolana,05-05-1996
820,J86333952,3309,18,Economica,FALSO,Leslie Howard,Venezolana,22-09-1971
4470,F15206543,4133,18,Economica,VERDADERO,Kristen Harris,Chilena,25-11-1972
2542,R17782317,7224,21,Ejecutiva,FALSO,Zachary Davenport,Venezolana,29-12-1971
4209,M25657749,157,19,Economica,VERDADERO,Casey Bennett,Estadounidense,12-03-1984
2855,T33834498,8599,11,Economica,FALSO,Alejandro Allen,Chilena,20-05-1992
372,J86333952,195,20,Economica,VERDADERO,Leslie Howard,Venezolana,22-09-1971
1642,D76513142,4873,6,Ejecutiva,FALSO,Victoria Brennan,Uruguaya,19-06-1977
1,E44895667,8518,6,Economica,FALSO,Angela Reynolds,Estadounidense,09-08-1982
1433,N49905893,7289,3,Ejecutiva,VERDADERO,Emma Scott,Chilena,29-07-1989
2739,K07643594,9598,30,Economica,FALSO,Suzanne Goodman,Chilena,16-11-1987
692,P11550487,8254,30,Ejecutiva,VERDADERO,Maria Perez,Francesa,11-08-1996
1269,J39937043,5809,10,Ejecutiva,VERDADERO,Danielle Johnson,Mexicana,18-12-1981
4772,N15841852,7700,20,Economica,FALSO,John Mcneil,Chilena,15-06-1981
3891,O01507856,1031,10,Economica,VERDADERO,James Hunter,Chilena,14-05-1995
1037,O41678476,127,19,Primera clase,VERDADERO,Andrew Malone,Argentina,24-06-1996
489,X49704522,385,18,Ejecutiva,VERDADERO,James Rojas,Chilena,29-05-1986
2542,L94336722,4984,17,Economica,FALSO,Julia Watkins,Uruguaya,25-08-1995
1991,F70729457,5775,5,Economica,VERDADERO,Justin Hudson,Chilena,12-02-1994
3775,J86333952,5178,25,Economica,FALSO,Leslie Howard,Venezolana,22-09-1971
4782,G04408945,6775,2,Primera clase,FALSO,Robert Butler,Argentina,02-02-1974
2844,O04335063,2170,6,Economica,FALSO,Jonathan Sims,Estadounidense,13-04-1974
4365,U68917595,9125,26,Economica,FALSO,Paul Brown,Francesa,24-08-1987
4222,G04408945,5170,31,Economica,VERDADERO,Robert Butler,Argentina,02-02-1974
2151,J46009647,3117,6,Ejecutiva,VERDADERO,Erica Ochoa,Italiana,11-03-1994
2220,G15489494,2381,14,Economica,FALSO,Anthony Francis,Argentina,13-02-1988
4247,N49905893,9932,14,Ejecutiva,FALSO,Emma Scott,Chilena,29-07-1989
2123,N07672370,1715,15,Primera clase,VERDADERO,Kevin Wilson,Uruguaya,11-09-1986
2288,Y23187711,8394,20,Primera clase,FALSO,Vicki Ward,Argentina,31-08-1981
629,Y05451726,719,8,Primera clase,FALSO,Kathleen Johnson,Chilena,24-02-1973
2262,N47846939,7979,20,Economica,VERDADERO,John Lee,Italiana,25-01-1996
2220,L87663260,8656,24,Ejecutiva,FALSO,Heather Bolton,Estadounidense,17-09-1982
4365,I71542181,7017,11,Ejecutiva,FALSO,Alfred Martin Jr.,Chilena,10-11-1989
3593,J86333952,550,7,Primera clase,FALSO,Leslie Howard,Venezolana,22-09-1971
3180,R10584802,5110,12,Economica,VERDADERO,John Luna,Chilena,04-11-1983
9,F70729457,2563,3,Ejecutiva,VERDADERO,Justin Hudson,Chilena,12-02-1994
3739,J47009281,2154,11,Ejecutiva,VERDADERO,Susan Stewart MD,Estadounidense,08-02-1997
4437,J46610530,6065,8,Ejecutiva,VERDADERO,Andrew Torres,Alemana,01-12-1981
3739,H44001820,4968,23,Economica,FALSO,Ann Robertson,Venezolana,27-04-1998
2855,D39176940,8734,7,Economica,FALSO,Patrick Choi,Chilena,26-06-1985
807,O41678476,542,22,Economica,VERDADERO,Andrew Malone,Argentina,24-06-1996
873,W06120402,6730,6,Economica,VERDADERO,Adam Clark,Estadounidense,10-06-1993
4222,H44001820,7235,5,Ejecutiva,FALSO,Ann Robertson,Venezolana,27-04-1998
3891,T72132858,3393,16,Primera clase,FALSO,Kathy Luna,Chilena,13-07-1990
1991,J86333952,2581,12,Economica,FALSO,Leslie Howard,Venezolana,22-09-1971
4669,Z09262256,9662,28,Ejecutiva,VERDADERO,Joseph Wilson,Uruguaya,28-07-1993
1037,T33834498,6391,12,Economica,VERDADERO,Alejandro Allen,Chilena,20-05-1992
2504,G04408945,815,22,Ejecutiva,FALSO,Robert Butler,Argentina,02-02-1974
2704,C63211080,5177,8,Economica,VERDADERO,Brian Mitchell,Chilena,04-05-1983
1422,N49905893,6731,15,Economica,VERDADERO,Emma Scott,Chilena,29-07-1989
3366,O01507856,2248,6,Primera clase,VERDADERO,James Hunter,Chilena,14-05-1995
4265,C87025090,3175,23,Economica,VERDADERO,Diana Frank,Alemana,07-12-1979
231,P11550487,936,6,Ejecutiva,FALSO,Maria Perez,Francesa,11-08-1996
2218,L97895867,6134,11,Ejecutiva,VERDADERO,Sarah Williams,Uruguaya,06-11-1992
2964,T59160871,9087,14,Economica,VERDADERO,Lucas Jones,Uruguaya,02-03-1992
3845,Y13424296,8358,27,Economica,VERDADERO,Katherine Perez,Mexicana,29-07-1978
1618,V79731274,4807,29,Ejecutiva,VERDADERO,Corey Elliott,Venezolana,04-10-1979
2910,O01507856,6732,23,Primera clase,VERDADERO,James Hunter,Chilena,14-05-1995
2540,Q62966391,2589,15,Primera clase,VERDADERO,Patricia Parker,Mexicana,07-08-1994
3231,O85238546,2945,14,Economica,VERDADERO,Sheri Mcdonald,Argentina,14-03-1984
2280,H23592194,704,23,Economica,VERDADERO,Ethan Gilbert,Uruguaya,30-12-1975
3588,T33834498,5215,31,Primera clase,FALSO,Alejandro Allen,Chilena,20-05-1992
4150,N24258653,2391,31,Economica,VERDADERO,Kayla Douglas,Uruguaya,28-04-1970
4660,V79731274,83,18,Primera clase,VERDADERO,Corey Elliott,Venezolana,04-10-1979
3536,J34719947,2341,11,Primera clase,FALSO,Heather Scott,Estadounidense,02-05-1973
2875,F70729457,8601,5,Ejecutiva,FALSO,Justin Hudson,Chilena,12-02-1994
1726,J46610530,5888,22,Ejecutiva,FALSO,Andrew Torres,Alemana,01-12-1981
2540,D84069297,6633,19,Economica,FALSO,Brittany Jones,Uruguaya,30-04-1978
2288,X66304032,7403,28,Primera clase,VERDADERO,Victoria Odom,Francesa,04-12-1986
92,N68461604,472,25,Economica,FALSO,Gary Vasquez,Chilena,21-11-1984
4236,C63211080,1361,11,Economica,VERDADERO,Brian Mitchell,Chilena,04-05-1983
2226,L94336722,2243,10,Primera clase,FALSO,Julia Watkins,Uruguaya,25-08-1995
1286,M25657749,2274,21,Primera clase,VERDADERO,Casey Bennett,Estadounidense,12-03-1984
2556,F89276118,606,24,Primera clase,VERDADERO,Todd Wilkins,Italiana,30-01-1991
736,D64763364,9531,3,Economica,VERDADERO,James Johnson,Chilena,09-06-1994
2910,V79731274,3810,28,Primera clase,FALSO,Corey Elliott,Venezolana,04-10-1979
1016,F09235820,4726,28,Economica,VERDADERO,Katrina Frye,Chilena,11-10-1995
4396,C63211080,8163,11,Primera clase,FALSO,Brian Mitchell,Chilena,04-05-1983
2029,H44001820,4684,3,Economica,VERDADERO,Ann Robertson,Venezolana,27-04-1998
2288,R56995721,6965,22,Primera clase,VERDADERO,David Keller,Venezolana,24-07-1975
1480,Q76465555,1895,26,Primera clase,VERDADERO,Isaiah Wood,Francesa,05-11-1980
3396,D46250570,3329,5,Primera clase,VERDADERO,Michael Mcdaniel,Venezolana,04-11-1994
4396,Z51226931,7333,20,Primera clase,VERDADERO,Matthew Simmons,Chilena,18-05-1978
628,T72132858,8037,5,Ejecutiva,VERDADERO,Kathy Luna,Chilena,13-07-1990
182,J39937043,7840,14,Primera clase,VERDADERO,Danielle Johnson,Mexicana,18-12-1981
4523,Q62966391,2226,2,Economica,FALSO,Patricia Parker,Mexicana,07-08-1994
538,I19062847,4287,23,Economica,VERDADERO,Christopher Garcia,Chilena,06-12-1986
736,D84069297,7666,9,Ejecutiva,FALSO,Brittany Jones,Uruguaya,30-04-1978
2633,I19062847,6555,21,Economica,FALSO,Christopher Garcia,Chilena,06-12-1986
3974,H23592194,3138,21,Primera clase,FALSO,Ethan Gilbert,Uruguaya,30-12-1975
2542,I19062847,9885,7,Primera clase,VERDADERO,Christopher Garcia,Chilena,06-12-1986
3679,J46009647,114,29,Economica,VERDADERO,Erica Ochoa,Italiana,11-03-1994
2276,L97895867,5345,27,Economica,VERDADERO,Sarah Williams,Uruguaya,06-11-1992
4902,O41678476,4198,28,Economica,FALSO,Andrew Malone,Argentina,24-06-1996
3712,D99418548,9995,27,Primera clase,VERDADERO,Alexis Smith,Argentina,21-03-1997
219,L56496275,246,7,Economica,FALSO,Cheryl Bolton,Uruguaya,16-12-1972
3668,I19062847,3235,29,Primera clase,VERDADERO,Christopher Garcia,Chilena,06-12-1986
2578,P34583903,670,7,Primera clase,VERDADERO,Kelsey Huff,Estadounidense,08-08-1972
4265,Q62966391,2928,26,Economica,FALSO,Patricia Parker,Mexicana,07-08-1994
1082,V79731274,3083,28,Ejecutiva,FALSO,Corey Elliott,Venezolana,04-10-1979
3832,U37349664,8398,12,Primera clase,VERDADERO,Diane Ritter,Venezolana,05-05-1996
2964,J39937043,4463,9,Ejecutiva,VERDADERO,Danielle Johnson,Mexicana,18-12-1981
1970,X66304032,2906,16,Primera clase,VERDADERO,Victoria Odom,Francesa,04-12-1986
820,J34719947,7155,21,Economica,FALSO,Heather Scott,Estadounidense,02-05-1973
3421,D84069297,4274,13,Primera clase,FALSO,Brittany Jones,Uruguaya,30-04-1978
3294,D76513142,4478,2,Primera clase,FALSO,Victoria Brennan,Uruguaya,19-06-1977
531,T18212951,5536,19,Ejecutiva,FALSO,Joel Compton,Argentina,03-03-1991
2844,N47846939,9747,17,Ejecutiva,FALSO,John Lee,Italiana,25-01-1996
405,D39176940,7880,14,Ejecutiva,VERDADERO,Patrick Choi,Chilena,26-06-1985
4247,H44001820,2626,15,Ejecutiva,VERDADERO,Ann Robertson,Venezolana,27-04-1998
1007,L94336722,7804,8,Economica,VERDADERO,Julia Watkins,Uruguaya,25-08-1995
444,X66304032,4471,25,Primera clase,FALSO,Victoria Odom,Francesa,04-12-1986
2048,E44895667,436,2,Economica,VERDADERO,Angela Reynolds,Estadounidense,09-08-1982
159,N55362278,4327,25,Economica,VERDADERO,Laura Marshall,Chilena,19-05-1991
905,L94336722,5864,26,Ejecutiva,VERDADERO,Julia Watkins,Uruguaya,25-08-1995
834,J46610530,8172,9,Economica,FALSO,Andrew Torres,Alemana,01-12-1981
736,C87025090,8314,26,Ejecutiva,VERDADERO,Diana Frank,Alemana,07-12-1979
2988,N07672370,9508,17,Ejecutiva,FALSO,Kevin Wilson,Uruguaya,11-09-1986
3772,X84322989,2220,19,Economica,VERDADERO,Mr. Russell Abbott,Chilena,16-11-1984
1037,X66304032,384,18,Primera clase,VERDADERO,Victoria Odom,Francesa,04-12-1986
842,D76513142,7042,8,Ejecutiva,VERDADERO,Victoria Brennan,Uruguaya,19-06-1977
1515,C59429415,5471,8,Ejecutiva,FALSO,Brian Garcia,Chilena,20-04-1992
2577,N24258653,5029,5,Economica,FALSO,Kayla Douglas,Uruguaya,28-04-1970
4064,S05106445,5275,14,Economica,FALSO,Gregory Andrade,Mexicana,20-12-1984
3394,N24258653,8630,13,Ejecutiva,FALSO,Kayla Douglas,Uruguaya,28-04-1970
3376,T33834498,9855,19,Primera clase,FALSO,Alejandro Allen,Chilena,20-05-1992
538,I71394677,46,21,Economica,VERDADERO,Jessica Macias,Chilena,12-04-1986
4604,Z09262256,8056,24,Economica,FALSO,Joseph Wilson,Uruguaya,28-07-1993
4396,R10584802,224,32,Ejecutiva,VERDADERO,John Luna,Chilena,04-11-1983
2621,T18212951,2153,17,Ejecutiva,VERDADERO,Joel Compton,Argentina,03-03-1991
2543,N49905893,3002,22,Economica,VERDADERO,Emma Scott,Chilena,29-07-1989
736,Y23187711,840,28,Economica,FALSO,Vicki Ward,Argentina,31-08-1981
3339,N47846939,1959,26,Economica,FALSO,John Lee,Italiana,25-01-1996
159,C59429415,265,19,Ejecutiva,FALSO,Brian Garcia,Chilena,20-04-1992
3845,I71394677,4062,22,Economica,VERDADERO,Jessica Macias,Chilena,12-04-1986
3972,X66304032,4381,23,Economica,VERDADERO,Victoria Odom,Francesa,04-12-1986
435,O85238546,65,25,Economica,FALSO,Sheri Mcdonald,Argentina,14-03-1984
4697,I63697476,4213,8,Economica,VERDADERO,Emily Sullivan,Venezolana,25-07-1991
4158,P11550487,5661,16,Economica,FALSO,Maria Perez,Francesa,11-08-1996
4772,V03976673,8076,18,Economica,FALSO,Mark Greene,Chilena,09-12-1998
4831,F23633774,8783,4,Economica,VERDADERO,Amanda Ruiz,Francesa,09-07-1977
2556,T59160871,8835,11,Economica,VERDADERO,Lucas Jones,Uruguaya,02-03-1992
4979,X66304032,8180,25,Ejecutiva,FALSO,Victoria Odom,Francesa,04-12-1986
1687,N47846939,9189,26,Primera clase,FALSO,John Lee,Italiana,25-01-1996
2542,Q76465555,1146,20,Economica,FALSO,Isaiah Wood,Francesa,05-11-1980
2515,P84627985,6214,1,Primera clase,VERDADERO,Meghan Davis,Chilena,15-11-1970
3463,V79731274,2142,21,Primera clase,FALSO,Corey Elliott,Venezolana,04-10-1979
1196,X49704522,7102,10,Primera clase,VERDADERO,James Rojas,Chilena,29-05-1986
2577,P84627985,4105,7,Economica,FALSO,Meghan Davis,Chilena,15-11-1970
3405,G69357980,8459,5,Primera clase,FALSO,Jerry Park,Argentina,28-06-1980
2504,Y13424296,4856,7,Economica,FALSO,Katherine Perez,Mexicana,29-07-1978
2465,M25657749,4966,2,Economica,VERDADERO,Casey Bennett,Estadounidense,12-03-1984
2578,Y88079794,2097,8,Economica,VERDADERO,Gregory Bradley,Chilena,18-04-1986
3394,Z87364523,181,25,Ejecutiva,FALSO,Samantha Martin,Alemana,26-03-1981
4160,W06120402,2636,7,Ejecutiva,VERDADERO,Adam Clark,Estadounidense,10-06-1993
2515,Z09262256,8266,12,Ejecutiva,FALSO,Joseph Wilson,Uruguaya,28-07-1993
1051,Z87364523,4275,24,Ejecutiva,VERDADERO,Samantha Martin,Alemana,26-03-1981
4241,V79731274,6330,23,Ejecutiva,FALSO,Corey Elliott,Venezolana,04-10-1979
4727,X66304032,420,10,Economica,FALSO,Victoria Odom,Francesa,04-12-1986
4186,M25657749,8535,22,Economica,FALSO,Casey Bennett,Estadounidense,12-03-1984
1749,I63697476,9823,14,Economica,FALSO,Emily Sullivan,Venezolana,25-07-1991
736,J46009647,6672,30,Ejecutiva,FALSO,Erica Ochoa,Italiana,11-03-1994
894,H44001820,681,8,Ejecutiva,VERDADERO,Ann Robertson,Venezolana,27-04-1998
1995,M25657749,8911,6,Economica,FALSO,Casey Bennett,Estadounidense,12-03-1984
3294,N07672370,5384,20,Primera clase,VERDADERO,Kevin Wilson,Uruguaya,11-09-1986
2500,N15841852,7720,15,Economica,FALSO,John Mcneil,Chilena,15-06-1981
1687,N55362278,5779,25,Economica,FALSO,Laura Marshall,Chilena,19-05-1991
4782,J34719947,4052,14,Ejecutiva,FALSO,Heather Scott,Estadounidense,02-05-1973
3825,Y38354449,7198,18,Economica,VERDADERO,Nicole Petty,Estadounidense,07-02-1988
4669,R17782317,3813,19,Economica,FALSO,Zachary Davenport,Venezolana,29-12-1971
797,D76513142,3026,29,Economica,FALSO,Victoria Brennan,Uruguaya,19-06-1977
1080,Y05451726,1500,26,Economica,FALSO,Kathleen Johnson,Chilena,24-02-1973
4160,Q62966391,2008,19,Ejecutiva,FALSO,Patricia Parker,Mexicana,07-08-1994
2339,D64763364,7043,16,Primera clase,FALSO,James Johnson,Chilena,09-06-1994
3845,G15489494,99,3,Ejecutiva,FALSO,Anthony Francis,Argentina,13-02-1988
905,D46250570,256,2,Ejecutiva,FALSO,Michael Mcdaniel,Venezolana,04-11-1994
2301,G15489494,380,23,Economica,VERDADERO,Anthony Francis,Argentina,13-02-1988
1623,O01507856,190,31,Economica,VERDADERO,James Hunter,Chilena,14-05-1995
3168,P34583903,694,18,Economica,FALSO,Kelsey Huff,Estadounidense,08-08-1972
414,J86333952,9054,8,Primera clase,VERDADERO,Leslie Howard,Venezolana,22-09-1971
4033,J34719947,4769,22,Primera clase,FALSO,Heather Scott,Estadounidense,02-05-1973
1699,J76795477,8667,17,Economica,VERDADERO,Mikayla White,Argentina,30-09-1984
231,G15489494,7411,5,Economica,VERDADERO,Anthony Francis,Argentina,13-02-1988
3752,K07643594,7007,1,Ejecutiva,VERDADERO,Suzanne Goodman,Chilena,16-11-1987
2704,T18212951,4696,24,Economica,VERDADERO,Joel Compton,Argentina,03-03-1991
4437,F15206543,7299,4,Economica,FALSO,Kristen Harris,Chilena,25-11-1972
4123,J39937043,9562,19,Economica,FALSO,Danielle Johnson,Mexicana,18-12-1981
2029,J34719947,9559,15,Economica,FALSO,Heather Scott,Estadounidense,02-05-1973
3891,I71542181,1591,9,Primera clase,VERDADERO,Alfred Martin Jr.,Chilena,10-11-1989
2936,Y38354449,569,22,Economica,VERDADERO,Nicole Petty,Estadounidense,07-02-1988
1749,I71542181,9081,29,Ejecutiva,VERDADERO,Alfred Martin Jr.,Chilena,10-11-1989
4268,P84627985,6552,17,Economica,FALSO,Meghan Davis,Chilena,15-11-1970
736,J39937043,4997,2,Economica,VERDADERO,Danielle Johnson,Mexicana,18-12-1981
2936,F09235820,3901,21,Economica,FALSO,Katrina Frye,Chilena,11-10-1995
905,N49905893,1910,4,Primera clase,FALSO,Emma Scott,Chilena,29-07-1989
3999,H23592194,3904,13,Economica,VERDADERO,Ethan Gilbert,Uruguaya,30-12-1975
414,Y33413387,2613,10,Economica,FALSO,Kimberly Hansen,Argentina,02-07-1989
3298,C59429415,7618,12,Economica,FALSO,Brian Garcia,Chilena,20-04-1992
3409,X84322989,4056,3,Economica,VERDADERO,Mr. Russell Abbott,Chilena,16-11-1984
1433,D84069297,622,5,Economica,VERDADERO,Brittany Jones,Uruguaya,30-04-1978
4604,C87025090,4303,5,Economica,FALSO,Diana Frank,Alemana,07-12-1979
1515,C63211080,6582,7,Economica,FALSO,Brian Mitchell,Chilena,04-05-1983
2262,C59429415,5763,30,Economica,FALSO,Brian Garcia,Chilena,20-04-1992
2543,I71542181,7745,8,Ejecutiva,VERDADERO,Alfred Martin Jr.,Chilena,10-11-1989
3978,L56496275,5169,28,Ejecutiva,FALSO,Cheryl Bolton,Uruguaya,16-12-1972
2054,J39937043,5287,21,Ejecutiva,FALSO,Danielle Johnson,Mexicana,18-12-1981
4490,D64763364,6554,20,Ejecutiva,FALSO,James Johnson,Chilena,09-06-1994
3405,O01507856,8512,24,Primera clase,FALSO,James Hunter,Chilena,14-05-1995
4763,F09235820,1836,1,Primera clase,VERDADERO,Katrina Frye,Chilena,11-10-1995
2578,U37349664,6024,12,Economica,VERDADERO,Diane Ritter,Venezolana,05-05-1996
1269,X49704522,8748,12,Economica,FALSO,James Rojas,Chilena,29-05-1986
531,O04335063,7091,2,Ejecutiva,FALSO,Jonathan Sims,Estadounidense,13-04-1974
3333,F23633774,5854,12,Primera clase,FALSO,Amanda Ruiz,Francesa,09-07-1977
3825,J33947155,1600,25,Primera clase,VERDADERO,Amanda Mccarthy,Venezolana,25-08-1995
1331,L94336722,1388,16,Economica,VERDADERO,Julia Watkins,Uruguaya,25-08-1995
1970,Z87364523,659,13,Primera clase,VERDADERO,Samantha Martin,Alemana,26-03-1981
231,L94336722,7659,15,Primera clase,VERDADERO,Julia Watkins,Uruguaya,25-08-1995
4150,N15841852,965,16,Economica,VERDADERO,John Mcneil,Chilena,15-06-1981
2276,Y38354449,2284,30,Economica,VERDADERO,Nicole Petty,Estadounidense,07-02-1988
2875,G15489494,8840,22,Economica,VERDADERO,Anthony Francis,Argentina,13-02-1988
2218,H44001820,4672,16,Economica,FALSO,Ann Robertson,Venezolana,27-04-1998
2262,R17782317,3500,31,Economica,FALSO,Zachary Davenport,Venezolana,29-12-1971
4268,F69466449,5857,18,Ejecutiva,VERDADERO,Jennifer Eaton,Chilena,29-08-1995
3568,I71394677,8980,14,Primera clase,FALSO,Jessica Macias,Chilena,12-04-1986
2262,M25657749,8903,14,Economica,VERDADERO,Casey Bennett,Estadounidense,12-03-1984
3366,D46250570,9752,31,Ejecutiva,VERDADERO,Michael Mcdaniel,Venezolana,04-11-1994
174,P11550487,9451,21,Ejecutiva,FALSO,Maria Perez,Francesa,11-08-1996
1090,N55362278,972,21,Ejecutiva,FALSO,Laura Marshall,Chilena,19-05-1991
2556,A17367163,3521,12,Economica,VERDADERO,Jane Berger,Italiana,29-05-1987
3564,R10584802,529,29,Primera clase,VERDADERO,John Luna,Chilena,04-11-1983
4669,I63697476,7355,7,Ejecutiva,FALSO,Emily Sullivan,Venezolana,25-07-1991
3037,D39176940,3142,21,Primera clase,FALSO,Patrick Choi,Chilena,26-06-1985
4473,T18212951,565,23,Primera clase,FALSO,Joel Compton,Argentina,03-03-1991
1699,I19062847,1598,29,Economica,FALSO,Christopher Garcia,Chilena,06-12-1986
905,X49704522,35,22,Economica,FALSO,James Rojas,Chilena,29-05-1986
1623,V79731274,9677,10,Primera clase,FALSO,Corey Elliott,Venezolana,04-10-1979
102,O01507856,4469,17,Economica,VERDADERO,James Hunter,Chilena,14-05-1995
3231,A40223024,8327,23,Economica,VERDADERO,Janice Smith,Argentina,25-03-1993
4464,R56995721,2529,1,Economica,FALSO,David Keller,Venezolana,24-07-1975
2048,D76513142,4492,4,Ejecutiva,FALSO,Victoria Brennan,Uruguaya,19-06-1977
1082,O04335063,1152,20,Primera clase,VERDADERO,Jonathan Sims,Estadounidense,13-04-1974
2133,F23633774,5164,10,Ejecutiva,FALSO,Amanda Ruiz,Francesa,09-07-1977
3887,V03976673,2752,25,Economica,VERDADERO,Mark Greene,Chilena,09-12-1998
3951,U68917595,4135,15,Primera clase,FALSO,Paul Brown,Francesa,24-08-1987
2151,H23592194,4016,17,Ejecutiva,VERDADERO,Ethan Gilbert,Uruguaya,30-12-1975
843,E44895667,5094,19,Primera clase,VERDADERO,Angela Reynolds,Estadounidense,09-08-1982
102,R56995721,5870,2,Economica,VERDADERO,David Keller,Venezolana,24-07-1975
4265,D84069297,3524,12,Ejecutiva,FALSO,Brittany Jones,Uruguaya,30-04-1978
3817,D99418548,645,23,Primera clase,VERDADERO,Alexis Smith,Argentina,21-03-1997
1195,I07581924,7768,22,Economica,VERDADERO,Kelsey Powell,Francesa,10-07-1989
736,N07672370,3429,16,Economica,FALSO,Kevin Wilson,Uruguaya,11-09-1986
3536,G04408945,9347,31,Economica,VERDADERO,Robert Butler,Argentina,02-02-1974
3450,L97895867,4253,14,Primera clase,FALSO,Sarah Williams,Uruguaya,06-11-1992
3819,X84322989,8320,19,Economica,FALSO,Mr. Russell Abbott,Chilena,16-11-1984
3080,F15206543,2397,4,Ejecutiva,FALSO,Kristen Harris,Chilena,25-11-1972
3728,J33947155,3863,31,Economica,FALSO,Amanda Mccarthy,Venezolana,25-08-1995
3298,Y13424296,2550,30,Primera clase,VERDADERO,Katherine Perez,Mexicana,29-07-1978
4188,V79731274,4567,18,Ejecutiva,FALSO,Corey Elliott,Venezolana,04-10-1979
2515,X91486662,2957,27,Ejecutiva,VERDADERO,Heather Smith,Chilena,13-11-1976
1195,T59160871,4922,13,Ejecutiva,VERDADERO,Lucas Jones,Uruguaya,02-03-1992
736,I63697476,5200,17,Economica,VERDADERO,Emily Sullivan,Venezolana,25-07-1991
1618,P84627985,1291,20,Economica,FALSO,Meghan Davis,Chilena,15-11-1970
221,A17367163,4011,15,Ejecutiva,VERDADERO,Jane Berger,Italiana,29-05-1987
1722,N07672370,5956,14,Ejecutiva,VERDADERO,Kevin Wilson,Uruguaya,11-09-1986
4268,C59429415,7160,19,Economica,VERDADERO,Brian Garcia,Chilena,20-04-1992
3366,D76513142,9078,3,Ejecutiva,FALSO,Victoria Brennan,Uruguaya,19-06-1977
3037,J47009281,198,14,Primera clase,FALSO,Susan Stewart MD,Estadounidense,08-02-1997
4634,T72132858,9658,28,Ejecutiva,FALSO,Kathy Luna,Chilena,13-07-1990
174,O41678476,4219,23,Economica,VERDADERO,Andrew Malone,Argentina,24-06-1996
1733,S03830222,2237,11,Primera clase,FALSO,Amanda Andrade,Italiana,06-11-1993
4831,J47009281,2014,32,Ejecutiva,VERDADERO,Susan Stewart MD,Estadounidense,08-02-1997
4922,Y33413387,1358,21,Economica,VERDADERO,Kimberly Hansen,Argentina,02-07-1989
2271,P84627985,7900,11,Primera clase,VERDADERO,Meghan Davis,Chilena,15-11-1970
3147,J39937043,1798,19,Economica,VERDADERO,Danielle Johnson,Mexicana,18-12-1981
3712,N49905893,34,20,Economica,FALSO,Emma Scott,Chilena,29-07-1989
2262,A17367163,1834,13,Economica,FALSO,Jane Berger,Italiana,29-05-1987
1,V03976673,8241,7,Primera clase,FALSO,Mark Greene,Chilena,09-12-1998
1090,S05106445,8012,6,Primera clase,FALSO,Gregory Andrade,Mexicana,20-12-1984
2616,I71542181,4061,23,Primera clase,FALSO,Alfred Martin Jr.,Chilena,10-11-1989
3588,D46250570,7436,9,Economica,VERDADERO,Michael Mcdaniel,Venezolana,04-11-1994
219,T33834498,213,12,Primera clase,FALSO,Alejandro Allen,Chilena,20-05-1992
4926,I19062847,5311,19,Ejecutiva,FALSO,Christopher Garcia,Chilena,06-12-1986
4831,B30315997,5977,12,Primera clase,VERDADERO,Tina Shaw,Estadounidense,26-10-1996
4831,R56995721,8483,18,Primera clase,FALSO,David Keller,Venezolana,24-07-1975
4177,X49704522,6192,3,Economica,VERDADERO,James Rojas,Chilena,29-05-1986
4222,O41678476,9663,25,Economica,VERDADERO,Andrew Malone,Argentina,24-06-1996
1927,J34719947,2427,11,Economica,VERDADERO,Heather Scott,Estadounidense,02-05-1973
3080,D99418548,6168,12,Primera clase,VERDADERO,Alexis Smith,Argentina,21-03-1997
2193,Y23187711,5705,8,Ejecutiva,FALSO,Vicki Ward,Argentina,31-08-1981
3287,K07643594,977,12,Primera clase,FALSO,Suzanne Goodman,Chilena,16-11-1987
1251,S03830222,4719,3,Economica,FALSO,Amanda Andrade,Italiana,06-11-1993
219,J76795477,6873,21,Primera clase,VERDADERO,Mikayla White,Argentina,30-09-1984
4160,L94336722,3507,20,Primera clase,VERDADERO,Julia Watkins,Uruguaya,25-08-1995
807,V39868007,3196,28,Primera clase,VERDADERO,Cassandra Kirby,Chilena,02-04-1997
842,O04335063,3430,4,Economica,VERDADERO,Jonathan Sims,Estadounidense,13-04-1974
1288,G15489494,1701,3,Ejecutiva,VERDADERO,Anthony Francis,Argentina,13-02-1988
2151,Z09262256,7842,16,Ejecutiva,FALSO,Joseph Wilson,Uruguaya,28-07-1993
2465,G69357980,9726,9,Economica,VERDADERO,Jerry Park,Argentina,28-06-1980
4646,Y33413387,1876,32,Economica,FALSO,Kimberly Hansen,Argentina,02-07-1989
444,J46610530,1369,29,Economica,VERDADERO,Andrew Torres,Alemana,01-12-1981
3817,C63211080,33,25,Primera clase,FALSO,Brian Mitchell,Chilena,04-05-1983
4241,J33947155,4257,4,Economica,FALSO,Amanda Mccarthy,Venezolana,25-08-1995
4782,N15841852,9988,31,Economica,FALSO,John Mcneil,Chilena,15-06-1981
4396,W06120402,8613,27,Primera clase,VERDADERO,Adam Clark,Estadounidense,10-06-1993
4437,Y88079794,2955,3,Ejecutiva,VERDADERO,Gregory Bradley,Chilena,18-04-1986
3180,H23592194,753,13,Ejecutiva,FALSO,Ethan Gilbert,Uruguaya,30-12-1975
3679,F23633774,2661,13,Ejecutiva,VERDADERO,Amanda Ruiz,Francesa,09-07-1977
1113,E44895667,4246,29,Economica,FALSO,Angela Reynolds,Estadounidense,09-08-1982
4771,F70729457,6623,16,Economica,FALSO,Justin Hudson,Chilena,12-02-1994
3421,B30315997,540,16,Primera clase,FALSO,Tina Shaw,Estadounidense,26-10-1996
2280,U37349664,2691,7,Economica,VERDADERO,Diane Ritter,Venezolana,05-05-1996
1433,Z87364523,2921,21,Economica,FALSO,Samantha Martin,Alemana,26-03-1981
2616,R10584802,6924,24,Ejecutiva,VERDADERO,John Luna,Chilena,04-11-1983
372,L87663260,7782,12,Ejecutiva,VERDADERO,Heather Bolton,Estadounidense,17-09-1982
616,Y13424296,4865,3,Economica,FALSO,Katherine Perez,Mexicana,29-07-1978
1269,D99418548,1856,5,Primera clase,FALSO,Alexis Smith,Argentina,21-03-1997
1436,T33834498,1540,11,Ejecutiva,VERDADERO,Alejandro Allen,Chilena,20-05-1992
435,O04335063,251,30,Primera clase,VERDADERO,Jonathan Sims,Estadounidense,13-04-1974
3679,J76795477,8449,23,Economica,VERDADERO,Mikayla White,Argentina,30-09-1984
1927,N24258653,2779,30,Economica,FALSO,Kayla Douglas,Uruguaya,28-04-1970
3147,X84322989,3910,9,Primera clase,FALSO,Mr. Russell Abbott,Chilena,16-11-1984
4470,I19062847,3824,11,Ejecutiva,FALSO,Christopher Garcia,Chilena,06-12-1986
25,J46009647,2415,11,Economica,FALSO,Erica Ochoa,Italiana,11-03-1994
1269,N07672370,4386,3,Primera clase,VERDADERO,Kevin Wilson,Uruguaya,11-09-1986
4241,C59429415,2496,17,Primera clase,FALSO,Brian Garcia,Chilena,20-04-1992
945,N55362278,1610,12,Primera clase,FALSO,Laura Marshall,Chilena,19-05-1991
623,N07672370,839,23,Economica,VERDADERO,Kevin Wilson,Uruguaya,11-09-1986
4660,T59160871,5481,17,Primera clase,FALSO,Lucas Jones,Uruguaya,02-03-1992
1269,D64763364,2136,29,Economica,FALSO,James Johnson,Chilena,09-06-1994
873,J46009647,8745,11,Economica,FALSO,Erica Ochoa,Italiana,11-03-1994
4464,K07643594,66,18,Primera clase,FALSO,Suzanne Goodman,Chilena,16-11-1987
1195,J76795477,2139,18,Economica,FALSO,Mikayla White,Argentina,30-09-1984
2414,A17367163,4331,14,Primera clase,FALSO,Jane Berger,Italiana,29-05-1987
2875,Y38354449,5869,18,Primera clase,VERDADERO,Nicole Petty,Estadounidense,07-02-1988
2123,J34719947,9596,23,Economica,VERDADERO,Heather Scott,Estadounidense,02-05-1973
1,D76513142,8653,13,Economica,VERDADERO,Victoria Brennan,Uruguaya,19-06-1977
21,O85238546,1237,22,Economica,VERDADERO,Sheri Mcdonald,Argentina,14-03-1984
1269,L97895867,4695,17,Economica,FALSO,Sarah Williams,Uruguaya,06-11-1992
3999,D39176940,899,10,Economica,VERDADERO,Patrick Choi,Chilena,26-06-1985
174,D84069297,7101,9,Economica,VERDADERO,Brittany Jones,Uruguaya,30-04-1978
1090,X91486662,7257,30,Economica,FALSO,Heather Smith,Chilena,13-11-1976
3564,F23633774,9144,21,Primera clase,VERDADERO,Amanda Ruiz,Francesa,09-07-1977
1907,X66304032,1143,15,Primera clase,VERDADERO,Victoria Odom,Francesa,04-12-1986
3568,S05106445,20,6,Primera clase,VERDADERO,Gregory Andrade,Mexicana,20-12-1984
4981,O85238546,5051,2,Economica,FALSO,Sheri Mcdonald,Argentina,14-03-1984
2440,D46250570,4488,13,Ejecutiva,FALSO,Michael Mcdaniel,Venezolana,04-11-1994
4726,G96421276,4194,16,Economica,VERDADERO,Alexander Martin,Estadounidense,24-04-1980
1269,V03976673,9533,8,Economica,VERDADERO,Mark Greene,Chilena,09-12-1998
4137,G15489494,7865,14,Economica,FALSO,Anthony Francis,Argentina,13-02-1988
9,P84627985,1247,18,Economica,FALSO,Meghan Davis,Chilena,15-11-1970
2262,W06120402,6687,21,Economica,FALSO,Adam Clark,Estadounidense,10-06-1993
2964,Y88079794,2920,3,Economica,FALSO,Gregory Bradley,Chilena,18-04-1986
820,L87663260,1803,4,Primera clase,FALSO,Heather Bolton,Estadounidense,17-09-1982
4123,Y38354449,9323,11,Primera clase,FALSO,Nicole Petty,Estadounidense,07-02-1988
4726,J86333952,5420,28,Economica,FALSO,Leslie Howard,Venezolana,22-09-1971
489,J39937043,739,19,Economica,VERDADERO,Danielle Johnson,Mexicana,18-12-1981
4763,D39176940,1539,20,Ejecutiva,VERDADERO,Patrick Choi,Chilena,26-06-1985
3836,F15206543,4307,12,Economica,FALSO,Kristen Harris,Chilena,25-11-1972
3168,I71394677,8101,8,Economica,VERDADERO,Jessica Macias,Chilena,12-04-1986
4404,F15206543,6603,27,Primera clase,FALSO,Kristen Harris,Chilena,25-11-1972
1699,D99418548,146,25,Economica,FALSO,Alexis Smith,Argentina,21-03-1997
4660,X91486662,5238,11,Primera clase,VERDADERO,Heather Smith,Chilena,13-11-1976
231,N68461604,7278,26,Ejecutiva,FALSO,Gary Vasquez,Chilena,21-11-1984
4427,E44895667,3668,18,Primera clase,VERDADERO,Angela Reynolds,Estadounidense,09-08-1982
4926,A17367163,119,16,Economica,FALSO,Jane Berger,Italiana,29-05-1987
3825,W23173820,637,5,Ejecutiva,VERDADERO,Gabrielle Alvarez,Argentina,04-11-1992
222,J46009647,3771,6,Economica,VERDADERO,Erica Ochoa,Italiana,11-03-1994
1515,I78807927,2919,24,Primera clase,FALSO,Robert Kelly,Chilena,26-02-1975
736,Q76465555,9912,6,Ejecutiva,FALSO,Isaiah Wood,Francesa,05-11-1980
797,O85238546,4691,3,Primera clase,FALSO,Sheri Mcdonald,Argentina,14-03-1984
4646,I19062847,7757,13,Primera clase,VERDADERO,Christopher Garcia,Chilena,06-12-1986
1970,O41678476,4033,24,Economica,VERDADERO,Andrew Malone,Argentina,24-06-1996
102,G96421276,3482,7,Ejecutiva,VERDADERO,Alexander Martin,Estadounidense,24-04-1980
4365,N55362278,7655,12,Primera clase,FALSO,Laura Marshall,Chilena,19-05-1991
4763,N15841852,2862,32,Ejecutiva,FALSO,John Mcneil,Chilena,15-06-1981
1678,Z87364523,2028,23,Primera clase,VERDADERO,Samantha Martin,Alemana,26-03-1981
222,L87663260,957,23,Primera clase,VERDADERO,Heather Bolton,Estadounidense,17-09-1982
4604,B30315997,9396,6,Ejecutiva,VERDADERO,Tina Shaw,Estadounidense,26-10-1996
372,R17782317,2089,22,Economica,FALSO,Zachary Davenport,Venezolana,29-12-1971
613,L56496275,7515,24,Primera clase,FALSO,Cheryl Bolton,Uruguaya,16-12-1972
2556,Z87364523,3187,15,Economica,FALSO,Samantha Martin,Alemana,26-03-1981
3568,F23633774,6894,16,Ejecutiva,VERDADERO,Amanda Ruiz,Francesa,09-07-1977
92,G15489494,4340,7,Economica,FALSO,Anthony Francis,Argentina,13-02-1988
2621,I19062847,3682,28,Ejecutiva,VERDADERO,Christopher Garcia,Chilena,06-12-1986
3405,Y23187711,5378,14,Economica,FALSO,Vicki Ward,Argentina,31-08-1981
1927,O01507856,3192,1,Economica,VERDADERO,James Hunter,Chilena,14-05-1995
2633,Z51226931,791,2,Economica,FALSO,Matthew Simmons,Chilena,18-05-1978
2910,U37349664,6358,8,Primera clase,FALSO,Diane Ritter,Venezolana,05-05-1996
4669,Y05451726,9949,9,Economica,FALSO,Kathleen Johnson,Chilena,24-02-1973
3287,F69466449,9692,24,Economica,FALSO,Jennifer Eaton,Chilena,29-08-1995
4177,Z09262256,7015,23,Economica,FALSO,Joseph Wilson,Uruguaya,28-07-1993
2855,X66304032,8568,22,Economica,FALSO,Victoria Odom,Francesa,04-12-1986
3712,I71542181,5333,5,Primera clase,VERDADERO,Alfred Martin Jr.,Chilena,10-11-1989
3728,F89276118,1505,15,Ejecutiva,VERDADERO,Todd Wilkins,Italiana,30-01-1991
435,T59160871,2714,10,Ejecutiva,VERDADERO,Lucas Jones,Uruguaya,02-03-1992
4697,D64763364,3380,25,Primera clase,FALSO,James Johnson,Chilena,09-06-1994
4033,J47009281,3538,32,Primera clase,FALSO,Susan Stewart MD,Estadounidense,08-02-1997
1080,R17782317,1726,5,Primera clase,VERDADERO,Zachary Davenport,Venezolana,29-12-1971
2875,D46250570,9947,25,Economica,VERDADERO,Michael Mcdaniel,Venezolana,04-11-1994
4241,X66304032,2072,24,Economica,FALSO,Victoria Odom,Francesa,04-12-1986
3003,G96421276,7161,6,Primera clase,FALSO,Alexander Martin,Estadounidense,24-04-1980
873,Y88079794,1837,13,Economica,FALSO,Gregory Bradley,Chilena,18-04-1986
2988,F23633774,8299,20,Economica,VERDADERO,Amanda Ruiz,Francesa,09-07-1977
1542,I78807927,8953,28,Economica,VERDADERO,Robert Kelly,Chilena,26-02-1975
3168,Y38354449,6828,27,Ejecutiva,VERDADERO,Nicole Petty,Estadounidense,07-02-1988
4209,L94336722,2350,4,Ejecutiva,VERDADERO,Julia Watkins,Uruguaya,25-08-1995
2262,L94336722,5862,18,Economica,VERDADERO,Julia Watkins,Uruguaya,25-08-1995
3887,J33947155,8547,11,Economica,VERDADERO,Amanda Mccarthy,Venezolana,25-08-1995
2218,I78807927,2354,14,Primera clase,FALSO,Robert Kelly,Chilena,26-02-1975
873,Y05451726,5766,21,Primera clase,FALSO,Kathleen Johnson,Chilena,24-02-1973
403,L87663260,2339,11,Primera clase,VERDADERO,Heather Bolton,Estadounidense,17-09-1982
4123,V39868007,9204,30,Economica,FALSO,Cassandra Kirby,Chilena,02-04-1997
4427,F70729457,630,10,Primera clase,VERDADERO,Justin Hudson,Chilena,12-02-1994
4727,X91486662,1396,15,Economica,VERDADERO,Heather Smith,Chilena,13-11-1976
2280,N24258653,31,4,Economica,VERDADERO,Kayla Douglas,Uruguaya,28-04-1970
2577,L56496275,8480,11,Economica,FALSO,Cheryl Bolton,Uruguaya,16-12-1972
102,N24258653,5841,16,Economica,FALSO,Kayla Douglas,Uruguaya,28-04-1970
2262,I78807927,2724,16,Primera clase,FALSO,Robert Kelly,Chilena,26-02-1975
2890,O41678476,7567,22,Economica,FALSO,Andrew Malone,Argentina,24-06-1996
255,I63697476,9052,28,Primera clase,VERDADERO,Emily Sullivan,Venezolana,25-07-1991
4772,O85238546,854,24,Economica,FALSO,Sheri Mcdonald,Argentina,14-03-1984
4800,U37349664,1080,6,Economica,VERDADERO,Diane Ritter,Venezolana,05-05-1996
4758,E44895667,9593,25,Ejecutiva,FALSO,Angela Reynolds,Estadounidense,09-08-1982
905,W23173820,3331,20,Economica,VERDADERO,Gabrielle Alvarez,Argentina,04-11-1992
2625,N47846939,2168,20,Economica,VERDADERO,John Lee,Italiana,25-01-1996
1430,L56496275,986,18,Economica,VERDADERO,Cheryl Bolton,Uruguaya,16-12-1972
2875,X84322989,117,14,Economica,VERDADERO,Mr. Russell Abbott,Chilena,16-11-1984
3396,G04408945,5363,2,Economica,FALSO,Robert Butler,Argentina,02-02-1974
3752,Z09262256,3611,25,Ejecutiva,VERDADERO,Joseph Wilson,Uruguaya,28-07-1993
4902,B30315997,7484,6,Economica,FALSO,Tina Shaw,Estadounidense,26-10-1996
2262,P11550487,2292,9,Economica,VERDADERO,Maria Perez,Francesa,11-08-1996
4004,G96421276,9435,31,Primera clase,VERDADERO,Alexander Martin,Estadounidense,24-04-1980
1618,J46009647,3214,28,Economica,FALSO,Erica Ochoa,Italiana,11-03-1994
2465,A40223024,2578,17,Economica,FALSO,Janice Smith,Argentina,25-03-1993
3294,K07643594,4764,5,Primera clase,VERDADERO,Suzanne Goodman,Chilena,16-11-1987
4004,O41678476,8829,19,Primera clase,FALSO,Andrew Malone,Argentina,24-06-1996
905,F89276118,6016,19,Ejecutiva,VERDADERO,Todd Wilkins,Italiana,30-01-1991
4926,D99418548,8272,18,Economica,VERDADERO,Alexis Smith,Argentina,21-03-1997
3080,X91486662,3139,22,Ejecutiva,FALSO,Heather Smith,Chilena,13-11-1976
1991,D84069297,4170,29,Economica,VERDADERO,Brittany Jones,Uruguaya,30-04-1978
2193,U37349664,7233,12,Economica,VERDADERO,Diane Ritter,Venezolana,05-05-1996
2281,X49704522,8217,15,Primera clase,FALSO,James Rojas,Chilena,29-05-1986
174,G69357980,9569,10,Ejecutiva,VERDADERO,Jerry Park,Argentina,28-06-1980
1090,A17367163,3570,26,Economica,VERDADERO,Jane Berger,Italiana,29-05-1987
4473,F15206543,2475,25,Primera clase,VERDADERO,Kristen Harris,Chilena,25-11-1972
3972,U68917595,4475,7,Ejecutiva,FALSO,Paul Brown,Francesa,24-08-1987
743,L56496275,348,22,Ejecutiva,VERDADERO,Cheryl Bolton,Uruguaya,16-12-1972
2193,W06120402,5853,4,Ejecutiva,VERDADERO,Adam Clark,Estadounidense,10-06-1993
3287,F89276118,2329,1,Economica,FALSO,Todd Wilkins,Italiana,30-01-1991
1331,M25657749,4357,11,Economica,VERDADERO,Casey Bennett,Estadounidense,12-03-1984
3536,G15489494,6868,18,Primera clase,FALSO,Anthony Francis,Argentina,13-02-1988
1007,Z09262256,8281,12,Economica,FALSO,Joseph Wilson,Uruguaya,28-07-1993
3037,A40223024,6212,17,Economica,FALSO,Janice Smith,Argentina,25-03-1993
2964,I71542181,7738,26,Primera clase,VERDADERO,Alfred Martin Jr.,Chilena,10-11-1989
3293,P34583903,2821,9,Primera clase,VERDADERO,Kelsey Huff,Estadounidense,08-08-1972
2262,Y23187711,7657,6,Ejecutiva,VERDADERO,Vicki Ward,Argentina,31-08-1981
3463,N07672370,5896,20,Ejecutiva,VERDADERO,Kevin Wilson,Uruguaya,11-09-1986
736,J33947155,981,1,Primera clase,FALSO,Amanda Mccarthy,Venezolana,25-08-1995
3293,C59429415,9031,17,Primera clase,FALSO,Brian Garcia,Chilena,20-04-1992
1361,P11550487,8504,18,Primera clase,VERDADERO,Maria Perez,Francesa,11-08-1996
3080,S03830222,8744,27,Economica,FALSO,Amanda Andrade,Italiana,06-11-1993
174,I07581924,4453,8,Primera clase,FALSO,Kelsey Powell,Francesa,10-07-1989
3003,Z87364523,8724,15,Economica,VERDADERO,Samantha Martin,Alemana,26-03-1981
405,V79731274,6198,15,Ejecutiva,VERDADERO,Corey Elliott,Venezolana,04-10-1979
4123,H44001820,8589,28,Ejecutiva,VERDADERO,Ann Robertson,Venezolana,27-04-1998
2621,K07643594,8715,23,Economica,VERDADERO,Suzanne Goodman,Chilena,16-11-1987
3593,N49905893,9669,10,Economica,FALSO,Emma Scott,Chilena,29-07-1989
3147,I07581924,6463,25,Economica,VERDADERO,Kelsey Powell,Francesa,10-07-1989
1542,I71394677,2060,22,Economica,VERDADERO,Jessica Macias,Chilena,12-04-1986
3471,G15489494,4702,27,Ejecutiva,FALSO,Anthony Francis,Argentina,13-02-1988
174,Y33413387,3633,12,Primera clase,FALSO,Kimberly Hansen,Argentina,02-07-1989
3237,F09235820,6441,25,Ejecutiva,VERDADERO,Katrina Frye,Chilena,11-10-1995
3059,G15489494,1649,4,Ejecutiva,VERDADERO,Anthony Francis,Argentina,13-02-1988
2542,C63211080,4538,27,Primera clase,VERDADERO,Brian Mitchell,Chilena,04-05-1983
3231,E44895667,9822,24,Economica,FALSO,Angela Reynolds,Estadounidense,09-08-1982
1733,R56995721,6912,2,Economica,VERDADERO,David Keller,Venezolana,24-07-1975
4727,Z09262256,3441,19,Primera clase,FALSO,Joseph Wilson,Uruguaya,28-07-1993
4922,J46009647,6586,5,Ejecutiva,FALSO,Erica Ochoa,Italiana,11-03-1994
743,C59429415,9806,23,Ejecutiva,VERDADERO,Brian Garcia,Chilena,20-04-1992
255,D84069297,951,19,Ejecutiva,VERDADERO,Brittany Jones,Uruguaya,30-04-1978
3564,Q62966391,7165,4,Primera clase,FALSO,Patricia Parker,Mexicana,07-08-1994
2577,P34583903,8940,10,Economica,FALSO,Kelsey Huff,Estadounidense,08-08-1972
3394,J46610530,5007,24,Economica,VERDADERO,Andrew Torres,Alemana,01-12-1981
2133,Y13424296,5569,1,Ejecutiva,FALSO,Katherine Perez,Mexicana,29-07-1978
159,N07672370,2378,8,Economica,VERDADERO,Kevin Wilson,Uruguaya,11-09-1986
1288,S03830222,9141,21,Ejecutiva,VERDADERO,Amanda Andrade,Italiana,06-11-1993
2578,T72132858,5567,18,Economica,VERDADERO,Kathy Luna,Chilena,13-07-1990
2281,H44001820,8633,16,Economica,FALSO,Ann Robertson,Venezolana,27-04-1998
3819,D39176940,3959,22,Economica,FALSO,Patrick Choi,Chilena,26-06-1985
1251,K07643594,9712,5,Ejecutiva,FALSO,Suzanne Goodman,Chilena,16-11-1987
2193,N07672370,1282,24,Economica,VERDADERO,Kevin Wilson,Uruguaya,11-09-1986
628,Y38354449,5073,4,Economica,FALSO,Nicole Petty,Estadounidense,07-02-1988
2048,J86333952,4134,30,Ejecutiva,FALSO,Leslie Howard,Venezolana,22-09-1971
2540,U68917595,7756,28,Economica,FALSO,Paul Brown,Francesa,24-08-1987
3668,L56496275,2582,13,Ejecutiva,FALSO,Cheryl Bolton,Uruguaya,16-12-1972
4033,G04408945,6071,21,Ejecutiva,VERDADERO,Robert Butler,Argentina,02-02-1974
1975,R10584802,7481,22,Primera clase,FALSO,John Luna,Chilena,04-11-1983
3972,O01507856,2859,18,Primera clase,FALSO,James Hunter,Chilena,14-05-1995
3231,F70729457,6724,29,Ejecutiva,VERDADERO,Justin Hudson,Chilena,12-02-1994
1361,C87025090,5642,26,Primera clase,FALSO,Diana Frank,Alemana,07-12-1979
3772,Q62966391,4784,7,Primera clase,VERDADERO,Patricia Parker,Mexicana,07-08-1994
2739,J33947155,8378,11,Primera clase,FALSO,Amanda Mccarthy,Venezolana,25-08-1995
3450,A40223024,1487,13,Ejecutiva,FALSO,Janice Smith,Argentina,25-03-1993
1,W23173820,5294,14,Primera clase,FALSO,Gabrielle Alvarez,Argentina,04-11-1992
4265,Y88079794,4390,29,Primera clase,FALSO,Gregory Bradley,Chilena,18-04-1986
4404,Y13424296,4982,1,Economica,VERDADERO,Katherine Perez,Mexicana,29-07-1978
3450,V39868007,3902,21,Ejecutiva,VERDADERO,Cassandra Kirby,Chilena,02-04-1997
1618,J76795477,4205,13,Economica,FALSO,Mikayla White,Argentina,30-09-1984
4470,N68461604,2140,26,Economica,VERDADERO,Gary Vasquez,Chilena,21-11-1984
3832,J47009281,7491,22,Economica,FALSO,Susan Stewart MD,Estadounidense,08-02-1997
2739,J47009281,9095,28,Economica,VERDADERO,Susan Stewart MD,Estadounidense,08-02-1997
3168,P84627985,4021,21,Economica,VERDADERO,Meghan Davis,Chilena,15-11-1970
3405,R10584802,9027,15,Ejecutiva,FALSO,John Luna,Chilena,04-11-1983
435,N07672370,308,28,Ejecutiva,FALSO,Kevin Wilson,Uruguaya,11-09-1986
1722,N68461604,6139,6,Economica,VERDADERO,Gary Vasquez,Chilena,21-11-1984
4669,Y33413387,3508,13,Economica,VERDADERO,Kimberly Hansen,Argentina,02-07-1989
1422,L87663260,4207,4,Primera clase,FALSO,Heather Bolton,Estadounidense,17-09-1982
4404,R56995721,3585,29,Economica,VERDADERO,David Keller,Venezolana,24-07-1975
1269,G04408945,8814,15,Ejecutiva,FALSO,Robert Butler,Argentina,02-02-1974
2597,N15841852,756,20,Economica,VERDADERO,John Mcneil,Chilena,15-06-1981
4236,I63697476,807,32,Economica,VERDADERO,Emily Sullivan,Venezolana,25-07-1991
2220,H23592194,2754,20,Economica,VERDADERO,Ethan Gilbert,Uruguaya,30-12-1975
629,L56496275,2265,29,Economica,VERDADERO,Cheryl Bolton,Uruguaya,16-12-1972
1480,V39868007,7872,18,Economica,VERDADERO,Cassandra Kirby,Chilena,02-04-1997
4763,O01507856,9088,21,Ejecutiva,FALSO,James Hunter,Chilena,14-05-1995
3772,N24258653,2191,29,Primera clase,VERDADERO,Kayla Douglas,Uruguaya,28-04-1970
2262,D46250570,7761,24,Economica,VERDADERO,Michael Mcdaniel,Venezolana,04-11-1994
1436,E44895667,7412,23,Economica,FALSO,Angela Reynolds,Estadounidense,09-08-1982
4490,F70729457,9085,28,Economica,FALSO,Justin Hudson,Chilena,12-02-1994
616,D39176940,7950,10,Primera clase,VERDADERO,Patrick Choi,Chilena,26-06-1985
3728,J47009281,7593,2,Economica,VERDADERO,Susan Stewart MD,Estadounidense,08-02-1997
3593,Y05451726,2486,9,Economica,VERDADERO,Kathleen Johnson,Chilena,24-02-1973
435,Z87364523,9748,17,Economica,FALSO,Samantha Martin,Alemana,26-03-1981
2500,T59160871,8830,19,Economica,VERDADERO,Lucas Jones,Uruguaya,02-03-1992
4064,X66304032,7297,12,Primera clase,VERDADERO,Victoria Odom,Francesa,04-12-1986
1195,L56496275,7721,2,Economica,FALSO,Cheryl Bolton,Uruguaya,16-12-1972
1037,W23173820,5679,15,Economica,VERDADERO,Gabrielle Alvarez,Argentina,04-11-1992
736,G15489494,6837,4,Primera clase,VERDADERO,Anthony Francis,Argentina,13-02-1988
1090,O04335063,4541,11,Economica,FALSO,Jonathan Sims,Estadounidense,13-04-1974
2855,C87025090,7111,6,Economica,VERDADERO,Diana Frank,Alemana,07-12-1979
1678,T18212951,1261,27,Primera clase,VERDADERO,Joel Compton,Argentina,03-03-1991
4268,V03976673,2446,24,Primera clase,FALSO,Mark Greene,Chilena,09-12-1998
1165,X84322989,5963,7,Economica,VERDADERO,Mr. Russell Abbott,Chilena,16-11-1984
2910,D76513142,3354,30,Economica,FALSO,Victoria Brennan,Uruguaya,19-06-1977
3591,F69466449,4302,4,Ejecutiva,VERDADERO,Jennifer Eaton,Chilena,29-08-1995
4771,I63697476,482,5,Ejecutiva,VERDADERO,Emily Sullivan,Venezolana,25-07-1991
182,N24258653,2943,28,Primera clase,VERDADERO,Kayla Douglas,Uruguaya,28-04-1970
174,Y88079794,4943,16,Ejecutiva,VERDADERO,Gregory Bradley,Chilena,18-04-1986
894,Y23187711,3065,12,Primera clase,VERDADERO,Vicki Ward,Argentina,31-08-1981
616,L87663260,7732,9,Primera clase,VERDADERO,Heather Bolton,Estadounidense,17-09-1982
4727,D46250570,5598,11,Ejecutiva,FALSO,Michael Mcdaniel,Venezolana,04-11-1994
4902,F15206543,2407,5,Primera clase,VERDADERO,Kristen Harris,Chilena,25-11-1972
2616,T33834498,1914,9,Economica,FALSO,Alejandro Allen,Chilena,20-05-1992
405,O85238546,325,3,Ejecutiva,FALSO,Sheri Mcdonald,Argentina,14-03-1984
3037,J46610530,1217,6,Primera clase,FALSO,Andrew Torres,Alemana,01-12-1981
3421,F69466449,9749,18,Economica,FALSO,Jennifer Eaton,Chilena,29-08-1995
1991,R56995721,8276,30,Ejecutiva,VERDADERO,David Keller,Venezolana,24-07-1975
4922,,1675,22,Economica,VERDADERO,,,
3668,J46610530,7853,15,Economica,VERDADERO,Andrew Torres,Alemana,01-12-1981
405,Z87364523,3741,8,Economica,FALSO,Samantha Martin,Alemana,26-03-1981
221,N15841852,3945,19,Economica,FALSO,John Mcneil,Chilena,15-06-1981
2497,R17782317,9029,9,Ejecutiva,VERDADERO,Zachary Davenport,Venezolana,29-12-1971
1113,T59160871,1678,4,Primera clase,VERDADERO,Lucas Jones,Uruguaya,02-03-1992
4727,I07581924,4091,2,Economica,FALSO,Kelsey Powell,Francesa,10-07-1989
2054,L56496275,6684,9,Primera clase,FALSO,Cheryl Bolton,Uruguaya,16-12-1972
92,F23633774,1926,20,Economica,FALSO,Amanda Ruiz,Francesa,09-07-1977
4669,G69357980,7884,2,Primera clase,FALSO,Jerry Park,Argentina,28-06-1980
2497,R56995721,6685,18,Economica,FALSO,David Keller,Venezolana,24-07-1975
1726,I71542181,4349,12,Economica,VERDADERO,Alfred Martin Jr.,Chilena,10-11-1989
3972,F09235820,5128,28,Economica,FALSO,Katrina Frye,Chilena,11-10-1995
4782,Y33413387,134,5,Ejecutiva,FALSO,Kimberly Hansen,Argentina,02-07-1989
4177,Z87364523,6844,15,Ejecutiva,FALSO,Samantha Martin,Alemana,26-03-1981
3775,V39868007,9634,9,Economica,FALSO,Cassandra Kirby,Chilena,02-04-1997
3536,Y13424296,967,27,Economica,VERDADERO,Katherine Perez,Mexicana,29-07-1978
3409,F89276118,353,23,Economica,FALSO,Todd Wilkins,Italiana,30-01-1991
2704,X84322989,4457,10,Primera clase,FALSO,Mr. Russell Abbott,Chilena,16-11-1984
736,L94336722,7163,23,Economica,FALSO,Julia Watkins,Uruguaya,25-08-1995
3471,X49704522,7647,23,Economica,FALSO,James Rojas,Chilena,29-05-1986
1090,G15489494,8156,9,Economica,VERDADERO,Anthony Francis,Argentina,13-02-1988
3405,A40223024,7913,6,Economica,FALSO,Janice Smith,Argentina,25-03-1993
1699,J33947155,3739,10,Primera clase,VERDADERO,Amanda Mccarthy,Venezolana,25-08-1995
4473,R56995721,7914,26,Economica,VERDADERO,David Keller,Venezolana,24-07-1975
1907,D99418548,4510,17,Primera clase,FALSO,Alexis Smith,Argentina,21-03-1997
3593,I19062847,2710,18,Primera clase,VERDADERO,Christopher Garcia,Chilena,06-12-1986
1037,D99418548,8174,29,Economica,FALSO,Alexis Smith,Argentina,21-03-1997
1269,G96421276,5074,7,Primera clase,VERDADERO,Alexander Martin,Estadounidense,24-04-1980
4236,T72132858,1674,19,Economica,FALSO,Kathy Luna,Chilena,13-07-1990
1515,X66304032,193,1,Economica,FALSO,Victoria Odom,Francesa,04-12-1986
4523,L56496275,1443,31,Ejecutiva,FALSO,Cheryl Bolton,Uruguaya,16-12-1972
4727,S05106445,9751,21,Economica,VERDADERO,Gregory Andrade,Mexicana,20-12-1984
1995,Y13424296,5522,24,Primera clase,VERDADERO,Katherine Perez,Mexicana,29-07-1978
4646,O41678476,631,21,Primera clase,FALSO,Andrew Malone,Argentina,24-06-1996
3564,I07581924,2586,15,Ejecutiva,VERDADERO,Kelsey Powell,Francesa,10-07-1989
3003,C87025090,8877,21,Ejecutiva,FALSO,Diana Frank,Alemana,07-12-1979
3593,K07643594,8476,20,Economica,FALSO,Suzanne Goodman,Chilena,16-11-1987
4158,Y23187711,5539,27,Ejecutiva,FALSO,Vicki Ward,Argentina,31-08-1981
3974,A17367163,872,15,Economica,FALSO,Jane Berger,Italiana,29-05-1987
1405,T33834498,6144,26,Ejecutiva,VERDADERO,Alejandro Allen,Chilena,20-05-1992
842,X84322989,7587,9,Ejecutiva,FALSO,Mr. Russell Abbott,Chilena,16-11-1984
538,F15206543,3595,20,Economica,FALSO,Kristen Harris,Chilena,25-11-1972
1037,I07581924,8501,13,Ejecutiva,VERDADERO,Kelsey Powell,Francesa,10-07-1989
2226,V03976673,853,16,Economica,FALSO,Mark Greene,Chilena,09-12-1998
4365,D64763364,9203,1,Economica,VERDADERO,James Johnson,Chilena,09-06-1994
2448,W23173820,9252,7,Economica,VERDADERO,Gabrielle Alvarez,Argentina,04-11-1992
21,V39868007,4238,30,Ejecutiva,FALSO,Cassandra Kirby,Chilena,02-04-1997
3366,W06120402,1978,10,Economica,VERDADERO,Adam Clark,Estadounidense,10-06-1993
3588,P34583903,7651,11,Primera clase,VERDADERO,Kelsey Huff,Estadounidense,08-08-1972
1331,V39868007,8842,15,Economica,VERDADERO,Cassandra Kirby,Chilena,02-04-1997
4263,C87025090,6558,1,Economica,FALSO,Diana Frank,Alemana,07-12-1979
1687,O04335063,1377,19,Economica,VERDADERO,Jonathan Sims,Estadounidense,13-04-1974
1687,N49905893,8496,10,Primera clase,FALSO,Emma Scott,Chilena,29-07-1989
3887,J47009281,2782,30,Ejecutiva,FALSO,Susan Stewart MD,Estadounidense,08-02-1997
4427,B30315997,4694,16,Primera clase,VERDADERO,Tina Shaw,Estadounidense,26-10-1996
1286,P11550487,6570,19,Economica,VERDADERO,Maria Perez,Francesa,11-08-1996
2875,L94336722,6638,7,Economica,FALSO,Julia Watkins,Uruguaya,25-08-1995
4236,Z09262256,1285,17,Ejecutiva,VERDADERO,Joseph Wilson,Uruguaya,28-07-1993
628,J76795477,7767,6,Economica,VERDADERO,Mikayla White,Argentina,30-09-1984
4372,R17782317,6140,3,Economica,FALSO,Zachary Davenport,Venezolana,29-12-1971
2625,Y05451726,7303,25,Economica,VERDADERO,Kathleen Johnson,Chilena,24-02-1973
2448,N15841852,5274,16,Ejecutiva,FALSO,John Mcneil,Chilena,15-06-1981
531,N15841852,9744,8,Ejecutiva,FALSO,John Mcneil,Chilena,15-06-1981
1080,D99418548,3111,25,Economica,VERDADERO,Alexis Smith,Argentina,21-03-1997
3845,O04335063,6211,17,Economica,VERDADERO,Jonathan Sims,Estadounidense,13-04-1974
4772,U68917595,5777,21,Economica,VERDADERO,Paul Brown,Francesa,24-08-1987
3712,U37349664,3895,32,Ejecutiva,FALSO,Diane Ritter,Venezolana,05-05-1996
4033,J86333952,7212,1,Economica,FALSO,Leslie Howard,Venezolana,22-09-1971
1288,L87663260,2431,23,Economica,VERDADERO,Heather Bolton,Estadounidense,17-09-1982
4523,T33834498,4991,1,Ejecutiva,VERDADERO,Alejandro Allen,Chilena,20-05-1992
2448,Y88079794,493,1,Ejecutiva,FALSO,Gregory Bradley,Chilena,18-04-1986
9,D84069297,1103,14,Primera clase,FALSO,Brittany Jones,Uruguaya,30-04-1978
2890,Y88079794,5995,31,Economica,VERDADERO,Gregory Bradley,Chilena,18-04-1986
1970,X84322989,394,31,Primera clase,VERDADERO,Mr. Russell Abbott,Chilena,16-11-1984
820,F09235820,4806,19,Economica,VERDADERO,Katrina Frye,Chilena,11-10-1995
174,G04408945,9302,20,Economica,VERDADERO,Robert Butler,Argentina,02-02-1974
2281,M25657749,2195,14,Economica,VERDADERO,Casey Bennett,Estadounidense,12-03-1984
842,K07643594,442,25,Economica,FALSO,Suzanne Goodman,Chilena,16-11-1987
2440,Q62966391,6539,14,Primera clase,FALSO,Patricia Parker,Mexicana,07-08-1994
372,H23592194,3120,15,Economica,VERDADERO,Ethan Gilbert,Uruguaya,30-12-1975
4137,F89276118,4012,4,Ejecutiva,FALSO,Todd Wilkins,Italiana,30-01-1991
1907,C87025090,1637,16,Economica,FALSO,Diana Frank,Alemana,07-12-1979
3951,C59429415,881,26,Economica,VERDADERO,Brian Garcia,Chilena,20-04-1992
1618,N47846939,8996,25,Economica,FALSO,John Lee,Italiana,25-01-1996
3739,P11550487,6113,14,Primera clase,VERDADERO,Maria Perez,Francesa,11-08-1996
613,V79731274,6604,15,Economica,FALSO,Corey Elliott,Venezolana,04-10-1979
2504,L87663260,3230,5,Economica,VERDADERO,Heather Bolton,Estadounidense,17-09-1982
221,P34583903,7293,5,Ejecutiva,VERDADERO,Kelsey Huff,Estadounidense,08-08-1972
3287,S03830222,9135,17,Ejecutiva,FALSO,Amanda Andrade,Italiana,06-11-1993
2988,A17367163,1445,12,Ejecutiva,VERDADERO,Jane Berger,Italiana,29-05-1987
1733,J46009647,583,17,Primera clase,FALSO,Erica Ochoa,Italiana,11-03-1994
2597,N47846939,1911,25,Economica,FALSO,John Lee,Italiana,25-01-1996
4427,Y05451726,8864,15,Ejecutiva,VERDADERO,Kathleen Johnson,Chilena,24-02-1973
2054,H44001820,6123,19,Economica,FALSO,Ann Robertson,Venezolana,27-04-1998
2844,B30315997,7716,28,Economica,VERDADERO,Tina Shaw,Estadounidense,26-10-1996
629,I63697476,1568,13,Economica,VERDADERO,Emily Sullivan,Venezolana,25-07-1991
3974,P84627985,5810,22,Economica,VERDADERO,Meghan Davis,Chilena,15-11-1970
25,J34719947,5940,10,Economica,VERDADERO,Heather Scott,Estadounidense,02-05-1973
102,V39868007,7256,27,Economica,VERDADERO,Cassandra Kirby,Chilena,02-04-1997
3591,Z51226931,4983,20,Economica,VERDADERO,Matthew Simmons,Chilena,18-05-1978
4188,Y23187711,1016,9,Economica,FALSO,Vicki Ward,Argentina,31-08-1981
4150,D76513142,3921,30,Ejecutiva,FALSO,Victoria Brennan,Uruguaya,19-06-1977
1515,Z09262256,8029,26,Economica,VERDADERO,Joseph Wilson,Uruguaya,28-07-1993
2616,N15841852,5525,10,Ejecutiva,VERDADERO,John Mcneil,Chilena,15-06-1981
3887,G96421276,2433,27,Ejecutiva,VERDADERO,Alexander Martin,Estadounidense,24-04-1980
3396,H44001820,2806,13,Economica,FALSO,Ann Robertson,Venezolana,27-04-1998
2339,G15489494,3174,14,Primera clase,FALSO,Anthony Francis,Argentina,13-02-1988
1016,D39176940,2975,13,Economica,FALSO,Patrick Choi,Chilena,26-06-1985
1430,P84627985,2725,4,Economica,FALSO,Meghan Davis,Chilena,15-11-1970
2414,D46250570,8608,26,Economica,VERDADERO,Michael Mcdaniel,Venezolana,04-11-1994
2029,F69466449,5120,4,Economica,FALSO,Jennifer Eaton,Chilena,29-08-1995
1080,R56995721,9560,28,Ejecutiva,FALSO,David Keller,Venezolana,24-07-1975
3951,S05106445,4102,27,Economica,VERDADERO,Gregory Andrade,Mexicana,20-12-1984
3293,C63211080,3081,27,Ejecutiva,VERDADERO,Brian Mitchell,Chilena,04-05-1983
3543,N55362278,6020,24,Ejecutiva,FALSO,Laura Marshall,Chilena,19-05-1991
2123,V79731274,1340,18,Economica,VERDADERO,Corey Elliott,Venezolana,04-10-1979
3752,N47846939,9750,27,Economica,FALSO,John Lee,Italiana,25-01-1996
3591,P11550487,5408,3,Economica,FALSO,Maria Perez,Francesa,11-08-1996
3463,F23633774,6990,24,Primera clase,FALSO,Amanda Ruiz,Francesa,09-07-1977
444,J76795477,5552,4,Economica,FALSO,Mikayla White,Argentina,30-09-1984
3298,O85238546,2781,9,Ejecutiva,VERDADERO,Sheri Mcdonald,Argentina,14-03-1984
4247,Y13424296,4209,21,Economica,VERDADERO,Katherine Perez,Mexicana,29-07-1978
3339,J47009281,2938,30,Economica,FALSO,Susan Stewart MD,Estadounidense,08-02-1997
3832,F69466449,705,26,Economica,FALSO,Jennifer Eaton,Chilena,29-08-1995
1722,C63211080,2755,1,Primera clase,FALSO,Brian Mitchell,Chilena,04-05-1983
3376,T72132858,5335,8,Economica,VERDADERO,Kathy Luna,Chilena,13-07-1990
181,F89276118,1805,4,Ejecutiva,FALSO,Todd Wilkins,Italiana,30-01-1991
3421,S03830222,9048,17,Primera clase,VERDADERO,Amanda Andrade,Italiana,06-11-1993
4186,T33834498,3100,14,Economica,FALSO,Alejandro Allen,Chilena,20-05-1992
945,N15841852,9315,7,Economica,VERDADERO,John Mcneil,Chilena,15-06-1981
2739,R17782317,5390,14,Economica,FALSO,Zachary Davenport,Venezolana,29-12-1971
3591,G69357980,1970,5,Economica,FALSO,Jerry Park,Argentina,28-06-1980
2844,T18212951,9497,11,Economica,VERDADERO,Joel Compton,Argentina,03-03-1991
2597,F70729457,4866,8,Ejecutiva,FALSO,Justin Hudson,Chilena,12-02-1994
2262,F69466449,7726,28,Economica,VERDADERO,Jennifer Eaton,Chilena,29-08-1995
1749,Y38354449,148,26,Economica,FALSO,Nicole Petty,Estadounidense,07-02-1988
4800,I78807927,8291,20,Primera clase,FALSO,Robert Kelly,Chilena,26-02-1975
4646,Z09262256,7073,5,Economica,VERDADERO,Joseph Wilson,Uruguaya,28-07-1993
3394,S05106445,1065,26,Economica,FALSO,Gregory Andrade,Mexicana,20-12-1984
3405,X49704522,4849,23,Primera clase,FALSO,James Rojas,Chilena,29-05-1986
4064,N49905893,4193,15,Economica,VERDADERO,Emma Scott,Chilena,29-07-1989
4660,H23592194,2163,20,Economica,VERDADERO,Ethan Gilbert,Uruguaya,30-12-1975
873,T72132858,9807,7,Economica,FALSO,Kathy Luna,Chilena,13-07-1990
3366,X49704522,6581,14,Ejecutiva,FALSO,James Rojas,Chilena,29-05-1986
1007,J86333952,6515,13,Economica,VERDADERO,Leslie Howard,Venezolana,22-09-1971
174,I78807927,6357,14,Economica,FALSO,Robert Kelly,Chilena,26-02-1975
2271,F89276118,1179,9,Ejecutiva,FALSO,Todd Wilkins,Italiana,30-01-1991
4523,W23173820,2006,28,Economica,FALSO,Gabrielle Alvarez,Argentina,04-11-1992
629,P34583903,8752,25,Economica,VERDADERO,Kelsey Huff,Estadounidense,08-08-1972
1975,Y13424296,6070,15,Economica,FALSO,Katherine Perez,Mexicana,29-07-1978
2625,U37349664,90,3,Economica,VERDADERO,Diane Ritter,Venezolana,05-05-1996
4263,T72132858,4776,8,Economica,FALSO,Kathy Luna,Chilena,13-07-1990
3366,K07643594,6996,2,Economica,FALSO,Suzanne Goodman,Chilena,16-11-1987
2133,I71542181,1090,22,Ejecutiva,VERDADERO,Alfred Martin Jr.,Chilena,10-11-1989
2633,,5203,9,Economica,FALSO,,,
1051,T72132858,9059,5,Economica,VERDADERO,Kathy Luna,Chilena,13-07-1990
4265,L87663260,1968,21,Ejecutiva,FALSO,Heather Bolton,Estadounidense,17-09-1982
1975,Y88079794,7107,20,Economica,FALSO,Gregory Bradley,Chilena,18-04-1986
4004,I71542181,4165,27,Economica,VERDADERO,Alfred Martin Jr.,Chilena,10-11-1989
2543,N55362278,1548,26,Primera clase,FALSO,Laura Marshall,Chilena,19-05-1991
3887,K07643594,9607,31,Economica,FALSO,Suzanne Goodman,Chilena,16-11-1987
2220,P11550487,7617,16,Ejecutiva,VERDADERO,Maria Perez,Francesa,11-08-1996
1155,X49704522,3107,20,Primera clase,FALSO,James Rojas,Chilena,29-05-1986
221,F69466449,927,13,Primera clase,VERDADERO,Jennifer Eaton,Chilena,29-08-1995
834,N55362278,707,10,Economica,VERDADERO,Laura Marshall,Chilena,19-05-1991
1970,L87663260,9352,18,Ejecutiva,VERDADERO,Heather Bolton,Estadounidense,17-09-1982
4926,D46250570,7305,17,Ejecutiva,VERDADERO,Michael Mcdaniel,Venezolana,04-11-1994
2440,T18212951,7103,12,Ejecutiva,VERDADERO,Joel Compton,Argentina,03-03-1991
3147,Q76465555,3360,24,Ejecutiva,VERDADERO,Isaiah Wood,Francesa,05-11-1980
4727,J47009281,4588,14,Ejecutiva,VERDADERO,Susan Stewart MD,Estadounidense,08-02-1997
3396,K07643594,8335,16,Economica,FALSO,Suzanne Goodman,Chilena,16-11-1987
2276,R17782317,1929,14,Ejecutiva,VERDADERO,Zachary Davenport,Venezolana,29-12-1971
4209,T18212951,81,20,Economica,VERDADERO,Joel Compton,Argentina,03-03-1991
4634,Q76465555,8309,19,Primera clase,VERDADERO,Isaiah Wood,Francesa,05-11-1980
4150,G15489494,2766,29,Economica,VERDADERO,Anthony Francis,Argentina,13-02-1988
174,S03830222,8435,27,Economica,VERDADERO,Amanda Andrade,Italiana,06-11-1993
3978,I63697476,9739,17,Ejecutiva,VERDADERO,Emily Sullivan,Venezolana,25-07-1991
1678,N47846939,4775,26,Economica,VERDADERO,John Lee,Italiana,25-01-1996
3298,F70729457,7542,8,Ejecutiva,FALSO,Justin Hudson,Chilena,12-02-1994
4727,K07643594,4792,13,Ejecutiva,FALSO,Suzanne Goodman,Chilena,16-11-1987
2301,W23173820,7215,24,Economica,FALSO,Gabrielle Alvarez,Argentina,04-11-1992
4064,R17782317,8737,13,Ejecutiva,VERDADERO,Zachary Davenport,Venezolana,29-12-1971
2054,Z87364523,5672,8,Economica,VERDADERO,Samantha Martin,Alemana,26-03-1981
3836,T72132858,4668,13,Economica,FALSO,Kathy Luna,Chilena,13-07-1990
4372,L97895867,9630,7,Primera clase,FALSO,Sarah Williams,Uruguaya,06-11-1992
2540,N68461604,5030,30,Primera clase,FALSO,Gary Vasquez,Chilena,21-11-1984
894,S05106445,7883,30,Ejecutiva,VERDADERO,Gregory Andrade,Mexicana,20-12-1984
2414,F23633774,8296,16,Economica,VERDADERO,Amanda Ruiz,Francesa,09-07-1977
1726,O41678476,6576,2,Economica,VERDADERO,Andrew Malone,Argentina,24-06-1996
2578,O04335063,8371,23,Economica,VERDADERO,Jonathan Sims,Estadounidense,13-04-1974
736,,4956,11,Economica,FALSO,,,
1515,X91486662,6869,27,Economica,FALSO,Heather Smith,Chilena,13-11-1976
3772,S03830222,7558,30,Economica,FALSO,Amanda Andrade,Italiana,06-11-1993
1016,O01507856,4985,6,Primera clase,FALSO,James Hunter,Chilena,14-05-1995
4158,N68461604,9966,24,Primera clase,FALSO,Gary Vasquez,Chilena,21-11-1984
4758,J39937043,5129,20,Economica,FALSO,Danielle Johnson,Mexicana,18-12-1981
2515,T18212951,2382,21,Economica,VERDADERO,Joel Compton,Argentina,03-03-1991
2123,J46610530,4249,12,Economica,FALSO,Andrew Torres,Alemana,01-12-1981
4470,X84322989,8880,27,Ejecutiva,VERDADERO,Mr. Russell Abbott,Chilena,16-11-1984
1155,Q62966391,4462,28,Primera clase,VERDADERO,Patricia Parker,Mexicana,07-08-1994
843,G69357980,7472,13,Ejecutiva,FALSO,Jerry Park,Argentina,28-06-1980
4247,L97895867,7594,27,Primera clase,FALSO,Sarah Williams,Uruguaya,06-11-1992
3059,J33947155,1545,32,Economica,FALSO,Amanda Mccarthy,Venezolana,25-08-1995
1642,V79731274,994,29,Ejecutiva,FALSO,Corey Elliott,Venezolana,04-10-1979
3543,R10584802,9017,21,Primera clase,FALSO,John Luna,Chilena,04-11-1983
1007,S03830222,6779,29,Primera clase,FALSO,Amanda Andrade,Italiana,06-11-1993
